timeStamp,displayName,followersCount,followingCount,listedCount,statusesCount,activityType,tweetID
2014-10-01T00:18:44.000Z,influenza_bio,1403,732,64,9278,Retweet,517106301500141568
2014-10-01T00:46:20.000Z,New_Narrative,2103,64,140,81521,Tweet,517113249800941568
2014-10-01T01:14:06.000Z,FroJr18,204,178,0,1226,Reply,517056200504930304
2014-10-01T01:22:44.000Z,drewspantry,307,332,2,4695,Retweet,517122409296838656
2014-10-01T01:26:06.000Z,mjrivera07,264,250,1,14577,Retweet,517123255300534273
2014-10-01T02:01:57.000Z,Mr_BuddyLee,566,552,14,28740,Retweet,517132275579125760
2014-10-01T02:06:37.000Z,wcollier33,494,1337,4,10545,Retweet,517133449984237568
2014-10-01T02:39:37.000Z,ajones139,292,243,1,18057,Retweet,517141755536621568
2014-10-01T02:54:04.000Z,BURNS_calories,319,266,2,5436,Retweet,517145394942590976
2014-10-01T02:55:21.000Z,_EileenCollins,449,382,5,17753,Retweet,517145714938224640
2014-10-01T03:24:53.000Z,ralphgot,261,2000,5,9099,Retweet,517153149795061760
2014-10-01T03:52:22.000Z,lexilockard,294,352,0,7078,Retweet,517160063652618241
2014-10-01T06:17:28.000Z,MakarryPotter,284,355,0,2478,Retweet,517196580936372225
2014-10-01T07:01:33.000Z,vvega101,687,572,1,116074,Retweet,517207673612169216
2014-10-01T10:10:09.000Z,233liveOnline,1,1,0,26943,Tweet,517255135974916096
2014-10-01T11:49:34.000Z,FozzyFerdinand,275,347,3,9195,Tweet,517280154159431682
2014-10-01T12:04:19.000Z,jgrammond,1183,577,64,9440,Tweet,517283868609904641
2014-10-01T12:08:08.000Z,CIProducoes,1691,278,7,108749,Tweet,517284826609500160
2014-10-01T13:28:39.000Z,MaxFeldman6,86,293,0,652,Retweet,517305090130997248
2014-10-01T13:55:38.000Z,seminole_fan,236,744,1,1642,Tweet,517311880277524480
2014-10-01T14:15:14.000Z,mwcalvani,708,586,13,9109,Tweet,517316812770275328
2014-10-01T14:22:05.000Z,charlottee_woww,341,1199,1,3300,Retweet,517318538311503873
2014-10-01T14:36:43.000Z,_carlena10,300,158,0,13236,Retweet,517322220897443840
2014-10-01T14:49:14.000Z,lesxxsan,281,372,0,1678,Retweet,517325370417512449
2014-10-01T15:47:37.000Z,_BreeR,840,613,0,41755,Retweet,517340063886503937
2014-10-01T16:10:11.000Z,CC_Peds,31,43,1,240,Retweet,517345742974103554
2014-10-01T16:16:55.000Z,MaXCSGO,115,569,5,8957,Tweet,517347438752182272
2014-10-01T16:41:57.000Z,porkn2beans,17,26,0,358,Retweet,517353735660765185
2014-10-01T17:01:18.000Z,morganleighchap,193,92,0,1004,Retweet,517358607760105472
2014-10-01T17:34:22.000Z,samielindemann,259,217,2,11961,Reply,517360615888015360
2014-10-01T17:40:53.000Z,itstatimac,1181,721,2,33059,Retweet,517368567965421568
2014-10-01T17:48:12.000Z,mas0n322,155,160,0,2160,Retweet,517370408861835264
2014-10-01T18:03:25.000Z,MauriYambo,4218,3387,130,29912,Tweet,517374239502901248
2014-10-01T18:15:40.000Z,BrettNiel,219,209,1,2606,Retweet,517377322748751872
2014-10-01T18:38:43.000Z,niceninja,7145,5918,331,159483,Retweet,517383123475378177
2014-10-01T18:39:59.000Z,corrygina,300,290,0,6635,Retweet,517383442217312256
2014-10-01T19:09:34.000Z,damianimarco,27,185,0,62,Retweet,517390885873790976
2014-10-01T20:10:35.000Z,DanonE_Dj,17,30,1,1063,Tweet,517406239551397888
2014-10-01T20:18:52.000Z,KCCOTJ,40,62,0,701,Retweet,517408324514775041
2014-10-01T20:24:05.000Z,hemmosmuse,2300,1971,25,40710,Tweet,517409637348687874
2014-10-01T20:43:57.000Z,jamesbrowntv,476,1995,13,8551,Tweet,517414638636793857
2014-10-01T21:45:04.000Z,Young3uck,170,259,0,5205,Tweet,517430019145359361
2014-10-01T22:12:59.000Z,mermaidmafia313,944,119,2,9216,Retweet,517437043778277376
2014-10-01T22:24:26.000Z,ziallobrien,15274,282,184,98255,Retweet,517439926091386880
2014-10-01T22:32:48.000Z,LUCYXBARRY,251,354,0,5732,Tweet,517442029929132032
2014-10-01T22:34:53.000Z,kentpg,27898,10987,224,89916,Retweet,517442554242301952
2014-10-01T22:34:54.000Z,yatterz_,205,182,1,703,Retweet,517442559250284545
2014-10-01T22:46:05.000Z,RiahRay33,480,448,3,18985,Retweet,517445372793593856
2014-10-01T23:26:04.000Z,wildjr17_,1122,730,0,28087,Retweet,517455435381866496
2014-10-01T23:39:09.000Z,pejihudotod,402,1169,4,19235,Retweet,517458728292196353
2014-10-01T23:40:43.000Z,_EsaNenaa,650,559,0,46025,Retweet,517459124683288576
2014-10-02T00:14:23.000Z,GrumbleBee__,162,156,1,1008,Retweet,517467595906498560
2014-10-02T00:29:42.000Z,__Shayee__,2746,1795,3,15114,Retweet,517471448395284480
2014-10-02T00:56:24.000Z,FAMlLYGUYSCENES,166017,8,63,221,Retweet,517478170987999232
2014-10-02T01:15:02.000Z,WilliamTAguon,42,500,0,1257,Tweet,517482856478547968
2014-10-02T01:27:57.000Z,TycieMarieee,571,242,0,28118,Tweet,517486109555560448
2014-10-02T01:32:33.000Z,rebecca_brown21,325,268,2,2118,Retweet,517487265078325249
2014-10-02T01:48:36.000Z,yabooDEE,676,254,2,5802,Tweet,517491304650268672
2014-10-02T01:53:31.000Z,blakenie_397,277,540,0,2889,Retweet,517492541956960256
2014-10-02T01:59:37.000Z,Irv_ThePerv,582,514,0,46950,Retweet,517494079991853056
2014-10-02T02:08:13.000Z,emersonpackfan,325,728,1,6151,Retweet,517496241727361024
2014-10-02T02:14:27.000Z,Prinsassnarry,2117,583,29,39164,Retweet,517497812947587072
2014-10-02T02:16:59.000Z,realtommydevito,216,159,0,1382,Retweet,517498447533182977
2014-10-02T02:17:11.000Z,bakedbeansOTS,606,359,3,47252,Reply,517498006938345472
2014-10-02T02:23:03.000Z,MsCourtneeN_,277,225,0,7812,Retweet,517499976344039424
2014-10-02T02:25:34.000Z,jessbroad25,226,155,0,3980,Retweet,517500607176130561
2014-10-02T02:31:37.000Z,BenCoulthard3,146,285,2,1471,Retweet,517502129695911937
2014-10-02T02:50:57.000Z,SamanthaKassim,449,154,0,13135,Retweet,517506998028738560
2014-10-02T02:53:57.000Z,_teeezyy,2306,2186,3,78562,Retweet,517507750910513152
2014-10-02T02:59:46.000Z,BradyisaBeast,451,355,1,11671,Retweet,517509215129468928
2014-10-02T03:12:58.000Z,vickthesick,195,94,1,14456,Retweet,517512537022427136
2014-10-02T03:17:03.000Z,iamALEXAdee,1029,783,4,25398,Retweet,517513565901975552
2014-10-02T03:19:34.000Z,Nickromo1,208,202,0,2252,Retweet,517514196284477441
2014-10-02T03:21:34.000Z,TheKarter4,283,293,0,8499,Retweet,517514702969401345
2014-10-02T03:41:35.000Z,georgetheslut,176,94,0,2199,Retweet,517519740760100864
2014-10-02T03:43:02.000Z,Serena_isla,139,109,1,273,Retweet,517520102732730368
2014-10-02T03:57:15.000Z,EmilyArmstrong_,660,476,2,4829,Retweet,517523681728540674
2014-10-02T04:13:14.000Z,FanOhFive,530,767,5,17088,Retweet,517527703650836480
2014-10-02T04:46:58.000Z,humbertoxojeda,188,147,2,3222,Retweet,517536192494309376
2014-10-02T04:52:24.000Z,turtleassniggas,200,235,1,13361,Retweet,517537559854198784
2014-10-02T05:14:15.000Z,STEmerson23,118,138,0,3968,Retweet,517543060683882496
2014-10-02T05:41:25.000Z,KingAstro_Kid,1328,2000,3,30645,Retweet,517549896979996672
2014-10-02T06:07:28.000Z,K4RJC,80,39,1,4278,Retweet,517556451804708864
2014-10-02T06:50:09.000Z,Dmcclendon123,392,260,1,4845,Retweet,517567192578404353
2014-10-02T08:49:07.000Z,hollaaandrew,25386,706,173,5537,Tweet,517597131943587840
2014-10-02T10:14:49.000Z,yassybishop,20,41,0,346,Retweet,517618699071533056
2014-10-02T10:44:56.000Z,ImTajBish,1786,1821,1,45749,Retweet,517626278602878976
2014-10-02T10:52:37.000Z,InstantNews2014,286,379,12,126551,Tweet,517628213409759232
2014-10-02T10:59:09.000Z,JHallReports,283,425,36,24625,Retweet,517629855911788544
2014-10-02T11:10:10.000Z,LoveeeeePinkkk_,681,511,0,7356,Retweet,517632629173407744
2014-10-02T12:11:54.000Z,ImJust_Gran,37,94,0,1001,Retweet,517648165726851072
2014-10-02T12:47:16.000Z,LexThePoet,879,675,5,48634,Retweet,517657062256689152
2014-10-02T13:32:20.000Z,BosBizDavid,1688,679,106,2234,Retweet,517668406590320640
2014-10-02T14:11:15.000Z,demosco4real,275,190,4,88700,Tweet,517678199463870465
2014-10-02T14:25:25.000Z,tbs40,126,311,0,2676,Retweet,517681764220030976
2014-10-02T14:28:26.000Z,camzbeanie,2358,267,24,16837,Retweet,517682523791716352
2014-10-02T15:16:31.000Z,titteeboi,100,112,0,241,Retweet,517694623503106048
2014-10-02T15:22:54.000Z,DeavilaFOFO,681,802,0,16641,Retweet,517696229497532418
2014-10-02T15:41:53.000Z,blackspike27i0,42,142,2,2879,Retweet,517701009779728385
2014-10-02T15:44:21.000Z,lamespaghetti,1822,1243,14,31557,Retweet,517701630515748864
2014-10-02T15:48:40.000Z,21stCenturySHl,757,318,1,2749,Retweet,517702714328088576
2014-10-02T16:08:18.000Z,2015HaileyMarie,416,147,1,16583,Tweet,517707655637635072
2014-10-02T16:17:39.000Z,BrookeTolubs,369,184,2,19731,Retweet,517710009082597377
2014-10-02T16:26:40.000Z,BacZootin,430,345,1,8065,Retweet,517712279010574337
2014-10-02T16:27:43.000Z,aral_nairda,257,243,0,18776,Retweet,517712540760281088
2014-10-02T16:47:07.000Z,GraceCadigan,433,254,1,11163,Retweet,517717423341182976
2014-10-02T16:56:32.000Z,TilleryPatrick,311,386,0,5358,Retweet,517719792703537152
2014-10-02T17:08:26.000Z,evangelinechao,2947,965,42,44230,Tweet,517722790347419648
2014-10-02T17:37:31.000Z,stayytrippyy930,255,190,0,4812,Retweet,517730107746947072
2014-10-02T18:37:57.000Z,Jeshua_Pence,420,231,0,10178,Retweet,517745316729479168
2014-10-02T18:45:12.000Z,Lilphil_zamani,953,723,0,8866,Tweet,517747141654372352
2014-10-02T18:55:33.000Z,emilyyhansonn,362,204,3,14129,Retweet,517749746317156352
2014-10-02T19:01:19.000Z,dudewtfnow,1199,1171,13,3752,Retweet,517751195452977152
2014-10-02T19:16:01.000Z,Jeffrey_0622,439,83,0,26021,Reply,517735681502609409
2014-10-02T19:26:35.000Z,NoMercyNoDeath,24,84,0,104,Retweet,517757554425098240
2014-10-02T19:26:38.000Z,joamailene,274,153,0,5849,Retweet,517757566584381440
2014-10-02T19:26:54.000Z,KayleeDiane12,827,1021,2,29309,Retweet,517757637069246464
2014-10-02T19:35:55.000Z,arthur_shyne,198,144,0,14303,Retweet,517759905344655360
2014-10-02T19:44:51.000Z,Mr_Insanity97,111,2001,0,33,Retweet,517762151814270976
2014-10-02T19:57:14.000Z,danielleex_,11046,10839,6,52925,Retweet,517765267334901760
2014-10-02T20:09:12.000Z,DeathFromADesk,43,107,0,883,Tweet,517768280933941249
2014-10-02T21:05:22.000Z,AllBdNews,350,1,3,74605,Tweet,517782415771574273
2014-10-02T21:21:51.000Z,GPacyk,121,537,2,874,Retweet,517786565599576065
2014-10-02T21:48:59.000Z,_jose_109,201,152,1,5516,Retweet,517793393486094337
2014-10-02T22:07:45.000Z,BFA2525,278,221,0,16797,Retweet,517798114632409088
2014-10-02T22:15:17.000Z,very_bad_cube_b,731,37,2,29336,Tweet,517800010009018368
2014-10-02T22:15:46.000Z,Jailenebieber93,1185,1966,5,13787,Retweet,517800130800812033
2014-10-02T23:21:06.000Z,jekjek19,539,957,19,6850,Tweet,517816574997045248
2014-10-02T23:23:57.000Z,regina_park12,141,172,0,995,Retweet,517817290562088961
2014-10-02T23:34:58.000Z,DomuniqueS,12,13,0,298,Retweet,517820065517809664
2014-10-02T23:53:27.000Z,bennyboy_86,107,85,0,232,Retweet,517824716128944128
2014-10-04T00:15:02.000Z,Hinders_Bryce,164,277,1,6980,Retweet,518192536481853440
2014-10-04T00:19:51.000Z,chase_pattison,191,155,0,7360,Reply,518184461603991553
2014-10-04T00:28:00.000Z,mepoupevictoria,1993,2092,0,18158,Tweet,518195798367272960
2014-10-04T00:39:17.000Z,GilesMcK,2507,1769,121,90981,Reply,518197343632359424
2014-10-04T01:45:12.000Z,_aleeesh,327,486,2,7601,Retweet,518215225125126144
2014-10-04T03:19:57.000Z,Dwebin,217,253,1,8905,Retweet,518239070586437633
2014-10-04T03:56:42.000Z,NanaOxford,1511,2001,27,46685,Retweet,518248318632468481
2014-10-04T05:07:43.000Z,titoeJohnson13,1602,805,24,18680,Retweet,518266191828119552
2014-10-04T05:25:21.000Z,ewgabe,183,199,1,807,Reply,518270219819970560
2014-10-04T07:44:49.000Z,vgruhn,37,143,1,291,Retweet,518305724804653056
2014-10-04T09:35:07.000Z,FENTYSMCCANNN,1480,703,16,13943,Retweet,518333485661319169
2014-10-04T09:55:10.000Z,baeirenet,34,1,0,189919,Tweet,518338529722519552
2014-10-04T12:37:29.000Z,B140Tweet,25633,24628,442,169573,Retweet,518379379714699264
2014-10-04T14:33:40.000Z,Peuples_Obs,702,1843,10,17281,Tweet,518408617792262144
2014-10-04T14:57:21.000Z,XNTRiiCK,1095,1271,2,10392,Retweet,518414576644534272
2014-10-04T15:42:05.000Z,ItsRandanaHoe,1696,1155,12,97519,Retweet,518425834135498752
2014-10-04T15:46:26.000Z,RohitThinksThat,237,1966,0,5600,Retweet,518426929687322626
2014-10-04T16:02:42.000Z,sickmaymaysbro,39,65,0,376,Tweet,518431021679648768
2014-10-04T17:14:43.000Z,drizzys_jdb,4,11,0,16,Tweet,518449146085507072
2014-10-04T18:03:02.000Z,MartelL33060147,180,698,0,262,Retweet,518461306652098560
2014-10-04T18:04:11.000Z,LegittAlonee__,1679,1713,1,8747,Retweet,518461593936723968
2014-10-04T18:26:15.000Z,Justin00168545,1,32,1,204,Retweet,518467146780000256
2014-10-04T19:10:31.000Z,Petapup1,813,487,34,72551,Retweet,518478287257866240
2014-10-04T19:21:44.000Z,tyronexshadoxl1,439,2005,1,705,Tweet,518481111299526656
2014-10-04T19:31:03.000Z,Shantez_tokool,1334,1430,3,33787,Retweet,518483457614569472
2014-10-04T19:41:53.000Z,vansxfevans,1969,551,27,66784,Retweet,518486180967772161
2014-10-04T19:42:54.000Z,RatuRaps,406,907,0,760,Retweet,518486438061826048
2014-10-04T20:11:52.000Z,btcdotcom,1457,158,44,3886,Retweet,518493728189980672
2014-10-04T20:29:37.000Z,baldjoe,122,138,1,7417,Tweet,518498193861279744
2014-10-04T20:30:37.000Z,BryceBarker90,911,818,0,13836,Retweet,518498446782001152
2014-10-04T21:07:45.000Z,CheyenneNikolee,264,301,0,1593,Retweet,518507791670321152
2014-10-04T21:26:21.000Z,skinroller,1975,1707,25,49778,Retweet,518512470432813056
2014-10-04T21:36:23.000Z,a7xmy,256,321,0,13544,Retweet,518514996666720257
2014-10-04T21:55:58.000Z,JoeyClown,423,203,3,47499,Retweet,518519927066882050
2014-10-04T22:03:55.000Z,epadgen,61,222,1,2412,Retweet,518521925237084160
2014-10-04T22:08:24.000Z,DonnaPioli,172,430,1,1501,Retweet,518523052254953472
2014-10-04T23:46:26.000Z,rachelscottt_,375,340,0,11860,Retweet,518547725642899456
2014-10-05T00:15:07.000Z,ohhcruelfate,357,334,9,61331,Retweet,518554944459530240
2014-10-05T00:44:01.000Z,Flashy_Words,1580,1454,16,52058,Retweet,518562218242473984
2014-10-05T04:24:53.000Z,VictoriaCab113,14,168,0,703,Tweet,518617797383835648
2014-10-05T05:22:13.000Z,DECEMBER1SM,714,179,7,24406,Tweet,518632228734377984
2014-10-05T06:07:42.000Z,Pastoralist2,1996,1695,42,35015,Tweet,518643674570575872
2014-10-05T07:56:37.000Z,ANTONAlain,1149,1134,2,62273,Retweet,518671083911020544
2014-10-05T11:30:08.000Z,dallasnews,151757,962,4207,49118,Tweet,518724815470198784
2014-10-05T11:38:46.000Z,urdnot_cameron,245,405,1,8091,Retweet,518726989377990656
2014-10-05T11:45:12.000Z,MorganHolty,57,166,0,44,Retweet,518728607536271361
2014-10-05T15:30:00.000Z,mikejopek,1130,1561,31,6602,Reply,518784514865528833
2014-10-05T18:21:05.000Z,angelhill648,23,30,0,116,Retweet,518828235673858048
2014-10-05T18:33:08.000Z,aaronjturnt,124,277,2,374,Retweet,518831267744587776
2014-10-05T19:00:34.000Z,amlyuke,223,127,1,9011,Tweet,518838173238304768
2014-10-05T19:10:56.000Z,NylaTai,1539,1484,20,13922,Retweet,518840782527422464
2014-10-05T19:17:04.000Z,BaronianConsult,780,2001,29,150509,Retweet,518842322667462656
2014-10-05T20:29:46.000Z,Stopbullshitt,367,205,0,13012,Retweet,518860620309872641
2014-10-05T21:29:57.000Z,diarioelpilin,8327,7658,149,110923,Tweet,518875765518368769
2014-10-05T21:57:16.000Z,Truth4IsraelNZ,142,114,3,8452,Tweet,518882641676754944
2014-10-05T22:31:37.000Z,girl_jais,152,241,1,1290,Retweet,518891284434395136
2014-10-05T23:10:11.000Z,thomassaintss,8,14,0,94,Tweet,518900989219192833
2014-10-05T23:17:19.000Z,luhvonxtrippy,1225,676,6,22871,Retweet,518902786092957697
2014-10-06T00:48:20.000Z,Navajo_Princess,827,587,1,40439,Reply,518914783941521408
2014-10-06T01:19:21.000Z,Uhoh_BonerAlert,645,476,2,63889,Retweet,518933495088185344
2014-10-06T01:21:06.000Z,viccdominguezx,674,182,1,20281,Retweet,518933936328949760
2014-10-06T02:03:41.000Z,Boletincristiac,2,10,0,8,Tweet,518944653627121667
2014-10-06T02:16:50.000Z,MH_Mamba3,624,625,0,7843,Reply,518945499425284096
2014-10-06T02:49:42.000Z,pavulous,54,27,1,9659,Tweet,518956235329388545
2014-10-06T02:50:45.000Z,auttsss,170,169,0,8082,Retweet,518956499608285184
2014-10-06T04:16:53.000Z,DJARODinthemix,101,170,3,2796,Retweet,518978174907334656
2014-10-06T05:05:50.000Z,Ziallswhitelies,148,152,2,1652,Retweet,518990491049033728
2014-10-06T07:14:19.000Z,Verdun75,3772,846,53,30109,Tweet,519022827044081664
2014-10-06T09:39:38.000Z,Independent,832485,1770,10628,89063,Retweet,519059395947548672
2014-10-06T10:38:02.000Z,nickmcdonald88,304,247,0,4115,Tweet,519074093187223552
2014-10-06T11:31:49.000Z,dhaycarlos86,2265,2213,16,299259,Tweet,519087628210028544
2014-10-06T11:57:55.000Z,jobsila_com,3203,3079,35,178927,Tweet,519094198176186368
2014-10-06T13:01:01.000Z,IronBjK,1536,355,4,14262,Reply,519109621982560256
2014-10-06T15:25:30.000Z,TrendieUS,834,11,12,4604,Tweet,519146435301105664
2014-10-06T15:32:02.000Z,ThatKidYoung,350,229,3,42357,Tweet,519148082391687168
2014-10-06T15:48:46.000Z,mikey_tedeschi,109,98,0,2371,Retweet,519152290956312577
2014-10-06T16:00:38.000Z,gcatrabone,387,549,0,3355,Retweet,519155278546468864
2014-10-06T16:36:58.000Z,beckkyjanes14,1016,338,4,22251,Retweet,519164422548627456
2014-10-06T16:57:29.000Z,xcam_the_manx,191,225,0,1019,Tweet,519169583224467457
2014-10-06T17:05:28.000Z,acopeland27,156,150,0,893,Retweet,519171593982189568
2014-10-06T17:06:48.000Z,Oscarbaidoo,487,373,0,15050,Retweet,519171929945935872
2014-10-06T17:25:05.000Z,Cheseymour,1303,824,2,15287,Retweet,519176531919507457
2014-10-06T17:34:24.000Z,merpc,32,84,0,3039,Tweet,519178874044035072
2014-10-06T17:55:45.000Z,Crisvastylez,455,341,4,19653,Retweet,519184248600002561
2014-10-06T18:53:17.000Z,twiterevita,399,1527,1,195,Retweet,519198728197246977
2014-10-06T19:09:32.000Z,APGabg,245,776,1,15346,Retweet,519202817652039680
2014-10-06T19:19:37.000Z,resistance75,2059,1094,23,57633,Retweet,519205355633803265
2014-10-06T19:30:09.000Z,ramilapervez_,272,243,1,2900,Retweet,519208006425509888
2014-10-06T19:45:43.000Z,Albisssima,462,752,13,2457,Tweet,519211921783140352
2014-10-06T19:49:42.000Z,Dimplesss_1,1079,2004,0,4827,Tweet,519212926742573056
2014-10-06T19:57:51.000Z,JORDAANMOOORE,422,501,4,13743,Retweet,519214976087908352
2014-10-06T20:14:18.000Z,t_tiitii,193,248,0,1004,Retweet,519219115429740545
2014-10-06T20:17:49.000Z,srsrios,617,743,10,10710,Tweet,519220002113982464
2014-10-06T20:30:25.000Z,RaquelMorona,136,235,0,683,Retweet,519223172185718787
2014-10-06T20:54:03.000Z,_piwROSE,14,1,2,15770,Tweet,519229117200232449
2014-10-06T21:11:11.000Z,la_patilla,4168132,89,14648,1075265,Tweet,519233431428161537
2014-10-06T21:24:47.000Z,AnarRJ1,15,151,0,121,Retweet,519236852319264768
2014-10-06T21:28:59.000Z,Gemorace,693,503,13,42837,Retweet,519237911385210882
2014-10-06T21:39:09.000Z,SHMILLLER,387,318,0,17157,Reply,519240361433370624
2014-10-06T21:50:25.000Z,MarcEspill,240,618,3,3728,Retweet,519243305239191552
2014-10-06T21:54:11.000Z,linampuente,228,161,1,2740,Retweet,519244250639523841
2014-10-06T22:04:38.000Z,acritica_jornal,3362,127,56,91328,Tweet,519246883437289472
2014-10-06T22:07:45.000Z,messi02966264,478,458,4,2458,Tweet,519247668154208258
2014-10-06T22:36:42.000Z,beingasan0ceann,453,695,0,13231,Retweet,519254953693822979
2014-10-06T22:40:39.000Z,Mind0fAhManiac,401,385,3,22593,Retweet,519255946875641856
2014-10-06T23:01:31.000Z,JohnWohlstetter,1670,267,43,3258,Tweet,519261198576283648
2014-10-06T23:30:32.000Z,shaver_lucas,176,110,0,313,Retweet,519268500443914240
2014-10-06T23:31:32.000Z,Rvlve,889,730,1,5701,Tweet,519268749988597760
2014-10-07T00:01:46.000Z,jesydulay,98,66,0,7547,Retweet,519276358476632064
2014-10-07T00:02:28.000Z,middle_forever,717,734,0,5325,Retweet,519276535895707648
2014-10-07T00:31:03.000Z,Austin815Lepke,338,320,1,17266,Retweet,519283727005143040
2014-10-07T01:07:49.000Z,ComparabIe,298275,1191,701,134324,Retweet,519292982172737537
2014-10-07T01:14:09.000Z,AngelFonsecaKL,225,386,5,3808,Tweet,519294577262723072
2014-10-07T02:08:01.000Z,JStuff_4,456,482,0,7357,Retweet,519308131176693760
2014-10-07T02:25:07.000Z,Anna_yacucci,588,230,0,5993,Tweet,519312432834289664
2014-10-07T02:33:20.000Z,KimbleFound,593,1289,6,7777,Tweet,519314503985426433
2014-10-07T02:58:53.000Z,swaverlee,427,347,0,6536,Reply,519317318770241536
2014-10-07T05:26:09.000Z,sofybutterfly,177,582,2,10161,Retweet,519357994740764672
2014-10-07T05:26:54.000Z,AlejandraIriza,1235,533,13,1064,Tweet,519358180972052480
2014-10-07T07:17:21.000Z,808sXMindTricks,724,488,4,67528,Retweet,519385977849016320
2014-10-07T07:31:59.000Z,papa_osei,244,376,6,1323,Retweet,519389661312348160
2014-10-07T08:14:10.000Z,zambhy,3,1,0,127,Retweet,519400277070594048
2014-10-07T11:07:58.000Z,SHSJournal,659,1911,13,226,Retweet,519444013175554048
2014-10-07T11:18:26.000Z,MgmWinterdaal,158,197,0,6947,Reply,519446233820446720
2014-10-07T11:30:45.000Z,Koran_Inggris,2316,28,21,381311,Tweet,519449747229122561
2014-10-07T12:01:06.000Z,DepressedRodent,97,69,0,8011,Retweet,519457383777845248
2014-10-07T12:20:46.000Z,AniYou78,84,476,0,549,Retweet,519462335568949248
2014-10-07T13:17:00.000Z,Sterlin_x3,5467,3338,6,163301,Tweet,519476487175430145
2014-10-07T13:29:17.000Z,Dakota23451,595,1620,14,3476,Tweet,519479578771722240
2014-10-07T14:00:24.000Z,JoyKeller1,2407,2285,44,36289,Tweet,519487408711024640
2014-10-07T14:56:37.000Z,deebo_RH,1107,751,2,1491,Tweet,519501555679379456
2014-10-07T16:11:52.000Z,JACOBOCZ,215,299,3,3460,Retweet,519520493813399552
2014-10-07T16:19:03.000Z,HaitiNewsNet,56818,4068,587,266175,Tweet,519522299863527424
2014-10-07T16:36:31.000Z,nacho8alvarez,95,185,1,358,Retweet,519526696358121473
2014-10-07T17:29:41.000Z,DeanHawkes1,432,241,0,4333,Tweet,519540078268669952
2014-10-07T18:01:13.000Z,ciaracalise_,370,357,0,2465,Retweet,519548013904003072
2014-10-07T18:24:32.000Z,fairauction,71,229,4,3290,Tweet,519553881744084992
2014-10-07T18:46:09.000Z,News_Monsta,93,37,11,34960,Tweet,519559319226810368
2014-10-07T18:54:56.000Z,omanuelll,377,347,1,18879,Retweet,519561531281772545
2014-10-07T18:57:16.000Z,jmasbonillo,379,764,3,8300,Retweet,519562118501122050
2014-10-07T19:36:57.000Z,chemicalk1ds,760,700,6,15891,Retweet,519572103461212160
2014-10-07T19:46:28.000Z,mendy_asigc,4073,4477,14,14683,Retweet,519574497142112256
2014-10-07T19:50:20.000Z,jesusmartin79,409,398,11,80935,Retweet,519575471902568449
2014-10-07T20:11:13.000Z,FrostiesBuddy,98,689,0,6407,Retweet,519580727797481472
2014-10-07T20:12:19.000Z,jlhcuadrado,495,632,3,16131,Retweet,519581005854691328
2014-10-07T20:21:16.000Z,pauliperez99,526,405,1,10416,Retweet,519583255712911360
2014-10-07T21:04:19.000Z,ellie_colquitt,1504,1453,3,10770,Retweet,519594091240108032
2014-10-07T21:09:08.000Z,KarJar_,89,127,0,2748,Retweet,519595304685809664
2014-10-07T21:21:57.000Z,NBR_Newcastle,91,240,5,740,Reply,519584485747081217
2014-10-07T22:07:41.000Z,Iam_lisztomania,262,373,3,43041,Tweet,519610035920334848
2014-10-07T22:21:28.000Z,HolyJacoby,502,663,0,4884,Retweet,519613504165122049
2014-10-07T22:24:28.000Z,LaMaryTaperton,595,791,10,19086,Retweet,519614260834353152
2014-10-07T22:35:31.000Z,DianaVG11,275,229,1,7263,Retweet,519617042500952064
2014-10-07T22:43:33.000Z,GRNDTHFTAUTISM,2677,898,12,51111,Retweet,519619062033174528
2014-10-07T23:09:22.000Z,AdrianBarrasa,254,168,1,6833,Retweet,519625561551798273
2014-10-07T23:23:52.000Z,_lewaaa_,187,299,0,4954,Retweet,519629210587893760
2014-10-07T23:28:42.000Z,moisesgonbas,340,373,2,14937,Retweet,519630425656803331
2014-10-07T23:52:03.000Z,yaituyyo,59,172,0,290,Reply,519635904135065602
2014-10-08T00:02:14.000Z,haleyalexus,388,118,0,11924,Retweet,519638865884086272
2014-10-08T00:16:39.000Z,TrevorPiepkorn,484,917,3,26622,Retweet,519642493537619969
2014-10-08T00:28:22.000Z,FaundezLunaCM,2,11,0,3039,Tweet,519645441718120448
2014-10-08T01:35:26.000Z,Pumixoxo,2359,1781,2,25702,Retweet,519662320008429568
2014-10-08T01:56:11.000Z,Vas_HapeninLiam,1404,463,5,51550,Retweet,519667542755786754
2014-10-08T02:10:58.000Z,laacie_,872,895,4,40387,Retweet,519671262264586241
2014-10-08T02:48:10.000Z,chenchitow,704,298,0,32595,Retweet,519680624366333953
2014-10-08T02:50:09.000Z,catherineee11,179,280,2,6190,Retweet,519681120556703745
2014-10-08T02:59:26.000Z,dailycatholic,917,102,31,26633,Retweet,519683459732602880
2014-10-08T04:16:02.000Z,DiseaseEbola,1,246,0,4,Tweet,519702737173225472
2014-10-08T04:35:28.000Z,RealTonyStudio,3360,3222,4,13549,Retweet,519707626863480833
2014-10-08T04:42:59.000Z,stephbarry95,753,842,4,8535,Reply,519321318941282306
2014-10-08T07:03:23.000Z,Amalixx,57,129,0,529,Retweet,519744849654730752
2014-10-08T07:14:32.000Z,AriFtTheLoves,3123,1222,66,73373,Retweet,519747657711902720
2014-10-08T08:25:58.000Z,photo_shutter,73,189,1,13687,Tweet,519765632833712128
2014-10-08T09:06:02.000Z,Bestoflnternet,127049,74724,86,25267,Retweet,519775716385107968
2014-10-08T11:15:36.000Z,Y_stifler,611,881,6,59341,Tweet,519808323739058177
2014-10-08T11:17:38.000Z,Jacloumar,18,147,0,40,Retweet,519808835851001856
2014-10-08T11:21:33.000Z,GboruM,2167,613,19,175083,Tweet,519809822334525440
2014-10-08T11:25:05.000Z,juelz_b13,220,307,0,1381,Retweet,519810709845475328
2014-10-08T12:11:22.000Z,AndreeBaril,554,557,10,19604,Tweet,519822358270316545
2014-10-08T12:20:15.000Z,atomgc,4510,54,33,10209,Reply,519824355329462272
2014-10-08T12:25:08.000Z,LaMalhonnete,144,79,0,4481,Retweet,519825822354771968
2014-10-08T13:13:36.000Z,radpepper,383,425,1,10493,Retweet,519838018991951872
2014-10-08T13:24:41.000Z,Briana_Judith,683,1067,2,18236,Retweet,519840808602976256
2014-10-08T13:24:57.000Z,yinecokhaklisin,124,249,1,1476,Reply,519837250402934784
2014-10-08T14:23:20.000Z,_Taleahh,704,839,2,4303,Retweet,519855565833797633
2014-10-08T14:59:47.000Z,ElishaOwen10,372,245,0,4321,Retweet,519864741729423361
2014-10-08T15:26:53.000Z,DocAyomide,379,119,9,6727,Retweet,519871559167934464
2014-10-08T15:30:22.000Z,sanyabrands,1,6,0,53089,Tweet,519872437857816577
2014-10-08T15:43:29.000Z,Almeria360,4634,534,95,11075,Tweet,519875739613548545
2014-10-08T15:43:33.000Z,cmaiduc,992,1054,63,1543,Retweet,519875753458941953
2014-10-08T15:47:29.000Z,BrandiPowell_TV,1567,718,70,2839,Retweet,519876743726125056
2014-10-08T15:59:17.000Z,Starlin_x10,432,282,2,110735,Tweet,519879712466694145
2014-10-08T16:06:13.000Z,EbolaEnEspana,2,64,0,21,Tweet,519881459373727744
2014-10-08T16:26:16.000Z,mcconnell_jamie,467,623,3,8213,Retweet,519886504706195456
2014-10-08T16:46:43.000Z,OneillRecords,7,28,0,12,Tweet,519891651980828672
2014-10-08T16:55:35.000Z,Los_EA6,530,375,0,32660,Reply,519870215820419073
2014-10-08T17:09:23.000Z,Officially_Aluv,776,1631,7,70895,Reply,519896376462020608
2014-10-08T17:19:17.000Z,chuyaa_Espino,99,110,0,1183,Tweet,519899848049692673
2014-10-08T17:29:16.000Z,Tweetpamaros,194,168,5,17742,Tweet,519902360873611266
2014-10-08T17:32:48.000Z,JessicaLevy20,93,616,1,956,Retweet,519903247096877057
2014-10-08T17:48:54.000Z,KnoxPolk2,64,59,0,2529,Retweet,519907300916477953
2014-10-08T18:12:20.000Z,GregReid65,275,243,5,3631,Retweet,519913196434767872
2014-10-08T18:15:11.000Z,britneyxwong,2,113,0,119,Retweet,519913912817704960
2014-10-08T19:03:42.000Z,djthejournalist,23,40,0,367,Tweet,519926123270909952
2014-10-08T19:12:21.000Z,divyadineshh,1056,958,0,13543,Reply,517891649158926336
2014-10-08T19:30:01.000Z,thegayly,853,1423,17,5876,Tweet,519932748572921856
2014-10-08T19:36:25.000Z,ratliffsbear,1695,1793,83,52822,Retweet,519934355855384576
2014-10-08T19:40:01.000Z,JimFloydIntel,1045,1981,42,19738,Retweet,519935263901245442
2014-10-08T20:03:34.000Z,akaDrexy,117,441,0,2112,Retweet,519941188770484224
2014-10-08T20:03:56.000Z,Fvrever_cvld,931,886,0,15674,Retweet,519941284413202432
2014-10-08T20:40:23.000Z,RegganKoop,1236,1607,14,4911,Retweet,519950454428409856
2014-10-08T21:02:43.000Z,joyfulespinosa,3161,190,23,14155,Retweet,519956075614044160
2014-10-08T21:09:29.000Z,bookmoon5,139,183,3,271,Retweet,519957776836333568
2014-10-08T22:52:02.000Z,DgfDiego,119,403,1,2898,Retweet,519983585642958848
2014-10-08T22:52:04.000Z,leinova,523,382,2,59056,Retweet,519983592790065152
2014-10-08T22:53:39.000Z,IISUPERXEROI,355,2001,0,11678,Retweet,519983992096165889
2014-10-08T22:55:59.000Z,KdotKevin,44,72,0,185,Retweet,519984580951310336
2014-10-08T23:30:32.000Z,hipsterral,312,236,0,4474,Retweet,519993275760250881
2014-10-08T23:32:36.000Z,Renai55ance,542,713,8,10732,Tweet,519993794599854080
2014-10-08T23:57:06.000Z,CarlodiFerrara,3243,981,42,154656,Retweet,519999962323894272
2014-10-09T00:17:31.000Z,Santipiantaa,162,142,0,1496,Retweet,520005099901685761
2014-10-09T01:02:16.000Z,Juandaplz,347,300,2,852,Tweet,520016362475769856
2014-10-09T01:56:41.000Z,brieeboisselle,308,123,2,9034,Reply,520015793606901760
2014-10-09T02:03:26.000Z,gisellepaola_,876,422,0,79485,Retweet,520031755135647745
2014-10-09T02:04:55.000Z,olivia_8239,306,261,1,3436,Retweet,520032126763552768
2014-10-09T02:06:17.000Z,MynameisNae_,984,577,1,73235,Retweet,520032469014556674
2014-10-09T02:11:26.000Z,MyDadAtTheStore,21879,676,24,659,Retweet,520033765452959744
2014-10-09T02:34:54.000Z,Maruyeyi,517,199,36,20989,Retweet,520039671040970752
2014-10-09T03:12:18.000Z,NTSkeptics,277,952,14,2454,Retweet,520049084342607872
2014-10-09T03:41:05.000Z,BigZ_2007,304,646,1,9426,Retweet,520056326211137536
2014-10-09T05:10:37.000Z,YeetusChirst,626,608,0,7282,Retweet,520078859275079682
2014-10-09T05:14:23.000Z,jaqobwhitesides,1754,66,17,30565,Retweet,520079806767984641
2014-10-09T05:20:07.000Z,IndaCastellanos,1829,745,12,3675,Retweet,520081250842066944
2014-10-09T05:47:57.000Z,m2artareina,670,570,3,16218,Tweet,520088254524448768
2014-10-09T07:16:34.000Z,ElBattellero,73,16,4,114549,Tweet,520110558138224640
2014-10-09T07:26:09.000Z,fernirepullo,342,205,5,61084,Retweet,520112969037131776
2014-10-09T09:46:56.000Z,GdTonga,1521,1494,1,28732,Tweet,520148396615938049
2014-10-09T10:12:53.000Z,choAOA,697,1017,8,136863,Tweet,520154926752604160
2014-10-09T10:13:18.000Z,weatherbotman,979,1722,5,36447,Tweet,520155033271533568
2014-10-09T10:49:40.000Z,AyannaImani13,587,185,2,85712,Retweet,520164183565168640
2014-10-09T12:23:01.000Z,Rae_UNT,334,381,3,45621,Tweet,520187677140725764
2014-10-09T12:32:08.000Z,JonatanCt96,407,429,0,11807,Retweet,520189972683710464
2014-10-09T13:08:55.000Z,stephaniew18,145,618,5,6690,Tweet,520199229521035264
2014-10-09T13:16:06.000Z,Buny__,463,272,5,13175,Retweet,520201034720100354
2014-10-09T13:27:43.000Z,Mdizzle9000,1262,1000,12,61425,Tweet,520203960687558656
2014-10-09T14:00:50.000Z,wlbear70,225,214,5,2729,Retweet,520212291401560064
2014-10-09T14:19:55.000Z,rnestopa,2241,372,35,63625,Tweet,520217097247686656
2014-10-09T14:51:55.000Z,drterrysimpson,10930,9258,185,13400,Tweet,520225149900304384
2014-10-09T14:58:52.000Z,KAANAtion,3972,771,26,93626,Retweet,520226897217978368
2014-10-09T15:07:03.000Z,Voodoo_Child16,1778,1673,0,7903,Retweet,520228957485268995
2014-10-09T15:12:32.000Z,Rem870P,2417,2063,38,17745,Reply,517414472336424961
2014-10-09T15:42:37.000Z,RickMoore,1376,310,54,29019,Tweet,520237906032865280
2014-10-09T16:02:24.000Z,GarciaHoyas,149,521,3,4231,Retweet,520242888022978560
2014-10-09T16:07:55.000Z,Jimee_Castillo,509,397,0,10833,Retweet,520244271283445760
2014-10-09T16:18:52.000Z,TheWin201,252,129,2,36737,Tweet,520247031148060672
2014-10-09T16:43:26.000Z,Freqkitoh_Swgge,1584,1440,0,68421,Tweet,520253211882426368
2014-10-09T17:12:24.000Z,Joinmeinhell,469,408,0,24030,Tweet,520260504506630144
2014-10-09T17:40:21.000Z,hausofmedusa,1044,129,14,37872,Tweet,520267537515569153
2014-10-09T17:57:25.000Z,michael_broyan,141,47,9,652,Tweet,520271832919072768
2014-10-09T17:58:21.000Z,_Elisabethh,327,235,1,20933,Retweet,520272066952847361
2014-10-09T18:07:24.000Z,isigoyenechea,323,321,0,1888,Tweet,520274344451112961
2014-10-09T18:41:42.000Z,olle_boli,4123,3719,3,27987,Tweet,520282975494078464
2014-10-09T19:02:21.000Z,Gafas_y_reloj,5571,699,103,157314,Retweet,520288173902266368
2014-10-09T19:09:41.000Z,zachgun,236,596,1,466,Retweet,520290019828072448
2014-10-09T19:40:04.000Z,AlexandraAmori6,407,484,0,2349,Retweet,520297663116627970
2014-10-09T19:55:04.000Z,nate_monte_,249,338,0,639,Tweet,520301440095756288
2014-10-09T20:09:08.000Z,OscarConFlow10,53,89,0,490,Retweet,520304977546604545
2014-10-09T20:15:55.000Z,TaniiaStar,1218,952,10,17516,Retweet,520306684636315649
2014-10-09T20:17:20.000Z,Poder0brero,4055,40,103,409206,Tweet,520307041974226945
2014-10-09T21:08:11.000Z,Sawicer,811,733,158,4776,Reply,520319233238900737
2014-10-09T21:29:12.000Z,fxntasyluke,9661,4850,83,54144,Tweet,520325127838654464
2014-10-09T21:30:48.000Z,joshuadavies266,716,723,1,2485,Retweet,520325530479239168
2014-10-09T21:50:01.000Z,angieeus,9086,9296,121,192843,Retweet,520330368180686848
2014-10-09T21:50:14.000Z,AngelaGetLikeMe,2167,2214,1,19921,Retweet,520330420194254849
2014-10-09T21:59:22.000Z,ikaros97,60,137,0,597,Retweet,520332721189847040
2014-10-09T22:26:58.000Z,EricBisPrez,937,1362,14,138610,Retweet,520339667804491777
2014-10-09T22:40:16.000Z,AnunciosPUERTO,7679,6975,109,177610,Tweet,520343014007648256
2014-10-09T22:52:52.000Z,aStonerHippie,2152,2076,3,12863,Reply,517553393888661504
2014-10-09T23:01:42.000Z,EveryManUSA10,1276,1672,11,1313,Retweet,520348405806428160
2014-10-09T23:05:44.000Z,JaisalOnPoint,427,328,0,26517,Retweet,520349421666848768
2014-10-11T01:48:58.000Z,DrobeBryant,614,246,7,112958,Tweet,520752887274938369
2014-10-11T02:15:55.000Z,idcthea,52,85,1,180,Tweet,520759669053468672
2014-10-11T02:20:03.000Z,PubPolitica,64,83,3,28902,Tweet,520760713002754049
2014-10-11T02:25:02.000Z,hildaibarra44,56,82,0,159,Tweet,520761965828788224
2014-10-11T02:25:47.000Z,maybellineamrsb,1131,606,3,15280,Retweet,520762152060076032
2014-10-11T02:43:01.000Z,_alinefrb,1192,902,0,50723,Retweet,520766491487375360
2014-10-11T05:56:31.000Z,candybagniall,5881,4032,34,70004,Retweet,520815184873402368
2014-10-11T06:23:34.000Z,_Tbreezy__,1115,784,1,15505,Retweet,520821993030320128
2014-10-11T06:52:23.000Z,lyndsayjohnsi,247,186,0,2029,Retweet,520829244147265536
2014-10-11T07:04:18.000Z,darealtobi,908,919,1,35411,Retweet,520832245196918784
2014-10-11T08:30:41.000Z,demydemo,438,153,6,48866,Tweet,520853983854727169
2014-10-11T10:34:23.000Z,ZaraA,9049,835,411,132274,Tweet,520885112721117184
2014-10-11T11:26:50.000Z,frida_isabel,314,286,18,23711,Retweet,520898313428942848
2014-10-11T11:37:51.000Z,bizzleftkylie,3545,2676,47,39998,Tweet,520901085478023168
2014-10-11T12:25:55.000Z,ishekuj,681,493,4,16695,Tweet,520913183520083969
2014-10-11T12:36:47.000Z,gui_orsi,217,98,6,81502,Tweet,520915918625710082
2014-10-11T13:59:58.000Z,tatiana_iasd,66,79,0,2994,Retweet,520936852795428864
2014-10-11T14:20:59.000Z,HectorMHH,131,142,0,305,Retweet,520942141825359872
2014-10-11T14:47:33.000Z,_Semprine,102,109,0,3534,Tweet,520948824182124545
2014-10-11T14:49:11.000Z,ZORASANTANIELLO,173,664,1,6079,Retweet,520949235660128256
2014-10-11T14:57:17.000Z,loicdu76,12,75,0,587,Reply,520900292724793344
2014-10-11T16:35:00.000Z,InFrankWeTrust,807,626,2,34513,Retweet,520975866961338369
2014-10-11T17:17:19.000Z,deliasaucedo56,123,60,3,6895,Tweet,520986516315971584
2014-10-11T18:00:29.000Z,MontalbanoNY,378,1032,2,11386,Tweet,520997379538165760
2014-10-11T18:49:44.000Z,KareemFenty,10654,291,65,84684,Reply,521009732623302656
2014-10-11T19:02:23.000Z,yunota_zeno,577,498,5,1508,Retweet,521012956360744960
2014-10-11T19:12:15.000Z,beachumbrellas1,1277,1756,2,7037,Tweet,521015441464889345
2014-10-11T19:33:00.000Z,NotArlarse,1489,174,10,632,Retweet,521020661301780480
2014-10-11T19:46:50.000Z,escrevendrick,1975,1838,4,25722,Tweet,521024142146281472
2014-10-11T20:54:14.000Z,Anafsilva1,75,577,1,86,Retweet,521041106021396480
2014-10-11T21:29:23.000Z,xEcuaaa,193,183,1,25018,Retweet,521049950546038784
2014-10-11T21:41:22.000Z,me_ufia,200,250,0,2107,Retweet,521052967513120768
2014-10-11T22:38:42.000Z,eneko_ortiz,270,299,10,20521,Reply,520997034816712704
2014-10-11T22:46:12.000Z,michael_reges,84,199,0,1703,Retweet,521069280843280384
2014-10-12T00:30:02.000Z,TessaChildress,219,109,1,4291,Retweet,521095412586123264
2014-10-12T02:08:14.000Z,Indispensavel,5681,240,8,40636,Retweet,521120125001666561
2014-10-12T06:34:20.000Z,Truslender,240,438,0,942,Tweet,521187093377069056
2014-10-12T10:31:39.000Z,LauryMRomero,220,431,2,9091,Retweet,521246814818025472
2014-10-12T11:44:53.000Z,tfnauruma,264,527,2,1026,Retweet,521265242056429568
2014-10-12T12:18:23.000Z,Augusalberto17,356,587,0,7044,Tweet,521273673022717952
2014-10-12T12:18:57.000Z,aumd9,84,145,0,3332,Retweet,521273817722028032
2014-10-12T12:21:48.000Z,RomaoSan,452,1450,16,13985,Retweet,521274534947999744
2014-10-12T13:12:48.000Z,debbierose4444,532,781,4,3922,Retweet,521287369514033152
2014-10-12T14:35:53.000Z,SmileyJuanito,159,154,0,4098,Retweet,521308276445937664
2014-10-12T14:36:55.000Z,ogadenfuture,557,2000,3,7376,Retweet,521308537356812289
2014-10-12T14:46:05.000Z,j_a_j___,20786,15988,35,33460,Tweet,521310845046099968
2014-10-12T15:06:49.000Z,C5qefw7sqg,10,20,0,1864,Retweet,521316062751498240
2014-10-12T15:10:40.000Z,luliMontero20,166,201,1,5563,Tweet,521317030818246656
2014-10-12T15:32:02.000Z,nuT_3,125,278,0,49784,Retweet,521322409161277440
2014-10-12T16:32:12.000Z,JuulienCln,368,279,4,17748,Retweet,521337549747662849
2014-10-12T16:58:11.000Z,InfoWarPage,463,658,22,43768,Tweet,521344087014641665
2014-10-12T17:11:42.000Z,Tayylorrjo,214,197,0,3765,Tweet,521347491527028736
2014-10-12T17:31:31.000Z,verrechiafilms,1284,939,13,4078,Tweet,521352478562852865
2014-10-12T17:32:58.000Z,fvlcon,509,97,7,13886,Retweet,521352841798356992
2014-10-12T17:35:05.000Z,braydenostan,691,366,2,40916,Retweet,521353375733260288
2014-10-12T17:39:29.000Z,muzeart,39,144,0,4910,Retweet,521354482160910336
2014-10-12T17:51:33.000Z,Rals52,175,494,0,67683,Tweet,521357518425952256
2014-10-12T18:27:10.000Z,Sexican_17,215,209,2,7212,Retweet,521366483734364162
2014-10-12T18:28:24.000Z,krewemaynard,373,684,7,6093,Tweet,521366793294581761
2014-10-12T18:35:50.000Z,gema40oz,209,128,1,7658,Retweet,521368662284836865
2014-10-12T18:42:32.000Z,objectifocean,282,622,13,2229,Retweet,521370347971817472
2014-10-12T19:46:41.000Z,exposeliberals,94977,88584,2443,123387,Retweet,521386491830747137
2014-10-12T19:55:36.000Z,brettbess,3268,326,2,29010,Retweet,521388737897693184
2014-10-12T20:03:30.000Z,qmastertoo,2346,2230,8,32069,Retweet,521390723892273154
2014-10-12T20:05:53.000Z,ZainsWerewolf,871,615,5,33279,Tweet,521391326211088385
2014-10-12T20:11:15.000Z,ALZIRALMUNDO,218,846,10,63718,Tweet,521392676751814656
2014-10-12T20:23:25.000Z,ajbusa,512,342,0,8104,Retweet,521395736907636736
2014-10-12T20:36:24.000Z,IISUPERXEROI,348,2001,0,11976,Retweet,521399005956567040
2014-10-12T21:05:33.000Z,Mackenzilethole,515,466,0,15082,Retweet,521406342238842881
2014-10-12T21:16:09.000Z,tropicalshawwn,791,445,7,38791,Retweet,521409009387978752
2014-10-12T21:36:09.000Z,rahf763,271,4,0,14372,Tweet,521414042120761346
2014-10-12T21:53:12.000Z,JamesPostss,76208,71554,49,146,Retweet,521418330369175552
2014-10-12T22:05:46.000Z,VikkiHanley,506,381,2,13162,Tweet,521421494568886272
2014-10-12T22:18:08.000Z,cami_padron,385,186,0,5877,Retweet,521424605916172289
2014-10-12T22:28:02.000Z,_MinaDoGueto,6325,4588,7,32777,Tweet,521427097756381185
2014-10-12T22:56:30.000Z,Luke_Greenzalis,535,506,0,6753,Retweet,521434262042841088
2014-10-12T23:00:12.000Z,Reichel_73,33,69,0,600,Retweet,521435193585172480
2014-10-12T23:15:37.000Z,MasqMerdaPri,32,32,1,2219,Retweet,521439072905363456
2014-10-12T23:29:33.000Z,MickeyDelDembow,1387,685,22,478639,Tweet,521442577669558272
2014-10-12T23:33:56.000Z,MarceloSampaioA,512,708,0,7457,Tweet,521443683686551552
2014-10-13T00:24:17.000Z,christmank11,230,572,0,5053,Reply,521456245199626240
2014-10-13T00:24:42.000Z,Dakotah__A,443,188,1,7881,Retweet,521456459557916672
2014-10-13T00:35:39.000Z,Beckyliz,221,857,4,6680,Retweet,521459214779441153
2014-10-13T00:37:03.000Z,tweetsbysparks,116,133,1,5407,Tweet,521459565020581888
2014-10-13T00:52:46.000Z,Envymsprettyd,1024,1996,8,5641,Tweet,521463522757464064
2014-10-13T01:27:31.000Z,Csunshine2010,52,276,0,450,Retweet,521472267445080064
2014-10-13T02:14:51.000Z,dontfumble,83,139,0,398,Retweet,521484179297800192
2014-10-13T03:04:46.000Z,nativedreams31,597,438,0,9659,Reply,521496003133050880
2014-10-13T03:08:15.000Z,leannfordyce,3594,1245,2,5957,Retweet,521497618682109952
2014-10-13T03:10:54.000Z,BFlanMusic,783,1989,8,8009,Tweet,521498284729192448
2014-10-13T03:34:19.000Z,reg_iina,506,463,0,6746,Retweet,521504176895848448
2014-10-13T03:58:36.000Z,lydiaabeth,212,372,4,8014,Retweet,521510286315225088
2014-10-13T04:11:44.000Z,SQuickley,106,165,1,1544,Tweet,521513594781851648
2014-10-13T04:34:44.000Z,nadine_wee,460,198,1,24460,Retweet,521519382925553664
2014-10-13T05:15:59.000Z,megdoe,531,1026,8,43027,Tweet,521529761315975168
2014-10-13T05:37:59.000Z,Jami_USA,9452,9147,179,46425,Retweet,521535296525971458
2014-10-13T05:49:32.000Z,Alex66058,242,232,1,1856,Retweet,521538205263212544
2014-10-13T06:00:19.000Z,LBSCTV,764,440,19,36153,Retweet,521540919833944064
2014-10-13T06:47:09.000Z,SansaniIN,43,627,1,4295,Tweet,521552704145858563
2014-10-13T07:50:39.000Z,aizeecom,406,207,18,196263,Tweet,521568686126022656
2014-10-13T08:13:00.000Z,MelszCalm,247,156,1,5400,Retweet,521574310658732032
2014-10-13T10:41:11.000Z,Sophinda_,307,94,0,40068,Retweet,521611599292166144
2014-10-13T11:06:55.000Z,JacinthoCardoso,796,1998,5,8055,Retweet,521618075725340672
2014-10-13T11:33:38.000Z,DtaySUAVE,1020,805,7,78193,Retweet,521624798355783680
2014-10-13T13:00:56.000Z,Haiara10,160,131,0,3158,Retweet,521646771882438656
2014-10-13T13:37:13.000Z,RamaswamyDr,10,92,0,13,Retweet,521655902458245121
2014-10-13T14:58:11.000Z,horadeopinion,92,103,3,9681,Tweet,521676275870486528
2014-10-13T15:25:56.000Z,Jorge_Morales10,151,224,0,1615,Retweet,521683260225884160
2014-10-13T15:47:17.000Z,_haaaaaaley,347,390,1,6836,Retweet,521688634383421440
2014-10-13T16:07:47.000Z,elchinotuelto,2189,1436,9,65214,Reply,521693124620718081
2014-10-13T16:08:30.000Z,SzaboServices,133,184,4,14154,Tweet,521693972067266560
2014-10-13T16:12:35.000Z,ShanayyReece,393,212,0,11222,Tweet,521695000091168768
2014-10-13T16:21:33.000Z,ChemInfoService,768,323,29,1064,Tweet,521697257909788672
2014-10-13T16:26:54.000Z,ncccortese,397,1727,0,1227,Retweet,521698601727426560
2014-10-13T16:38:44.000Z,devisridhar,2683,299,78,591,Tweet,521701580975140864
2014-10-13T16:41:21.000Z,NewsReddit,585,11,29,113242,Tweet,521702239464067072
2014-10-13T17:06:43.000Z,yung_hana,331,174,1,3353,Tweet,521708622363889665
2014-10-13T17:07:04.000Z,WHO,1661055,927,17151,12946,Tweet,521708713783336963
2014-10-13T17:12:08.000Z,MastaRuddy,91,277,0,314,Retweet,521709985076899840
2014-10-13T17:16:40.000Z,alwayseuphoria,163,233,1,18063,Retweet,521711126774427648
2014-10-13T17:18:32.000Z,BitwMikey,118,125,0,81,Retweet,521711599057260544
2014-10-13T17:28:39.000Z,AlertsandNews,2,34,0,137,Retweet,521714143728914432
2014-10-13T17:30:26.000Z,BCSurgeons,823,556,25,7121,Retweet,521714590447833088
2014-10-13T17:37:19.000Z,credits_end,17,105,0,1020,Tweet,521716323097649152
2014-10-13T18:23:17.000Z,ErikaWYMT,1314,620,26,6745,Retweet,521727892237991937
2014-10-13T18:38:56.000Z,Maureen_Nwobodo,207,351,1,2289,Retweet,521731829033086976
2014-10-13T18:47:59.000Z,GotBadTouched,3210,2190,152,21190,Retweet,521734107383222272
2014-10-13T18:54:39.000Z,RossellaButtigl,581,655,0,7309,Retweet,521735784664432640
2014-10-13T19:02:09.000Z,Tbaglady,710,1043,9,5929,Tweet,521737671702355968
2014-10-13T19:27:03.000Z,KristelNaomy,176,158,1,20476,Tweet,521743940895391744
2014-10-13T19:27:41.000Z,Mandiprieto,426,1710,4,11305,Reply,521724008858140672
2014-10-13T19:30:43.000Z,SecuteJerryy,893,1951,3,2990,Retweet,521744864493334528
2014-10-13T20:05:21.000Z,navarro1957,176,491,3,3910,Retweet,521753580249034752
2014-10-13T21:15:07.000Z,Liberationtech,31444,31662,2188,112982,Tweet,521771134682140672
2014-10-13T21:29:26.000Z,Carlos_MzTz,40,41,0,993,Retweet,521774737991946241
2014-10-13T22:35:21.000Z,Holly_Venn,196,157,0,4359,Retweet,521791328993415169
2014-10-13T22:38:37.000Z,annieprxce,1262,99,3,945,Retweet,521792148149395456
2014-10-13T22:53:06.000Z,esmelovesyouu,277,310,0,14112,Retweet,521795793418977280
2014-10-13T23:00:23.000Z,godsgiftformen,892,1989,2,14837,Retweet,521797628023959552
2014-10-13T23:31:54.000Z,josejulianarias,147,39,1,1630,Reply,521797636592898049
2014-10-14T00:10:16.000Z,fivenoop,705,691,3,24862,Retweet,521815212639682560
2014-10-14T00:43:29.000Z,abigailrose1018,66,138,0,61,Tweet,521823573975896064
2014-10-14T02:03:11.000Z,cyndelanderson,1852,1705,1,3734,Reply,521843517740830720
2014-10-14T02:13:05.000Z,Go_Lick_a_pussy,351,289,1,8249,Reply,521768486557982722
2014-10-14T02:19:15.000Z,BritneysDaddy,541,267,6,35351,Reply,521847611138256897
2014-10-14T02:25:10.000Z,caju_sz,25208,181,37,34742,Tweet,521849160472219648
2014-10-14T02:26:48.000Z,darrenLTA,255,144,0,14864,Retweet,521849575309447168
2014-10-14T02:31:13.000Z,bryce_beaubouef,97,171,0,198,Retweet,521850683419815936
2014-10-14T02:42:42.000Z,YaassAlex,286,385,3,4485,Reply,521853411814547456
2014-10-14T03:01:59.000Z,perry1949,1233,661,56,105727,Retweet,521858428223107072
2014-10-14T03:15:50.000Z,jimcc66,5024,5511,80,31158,Retweet,521861913282486272
2014-10-14T04:19:36.000Z,vishjor,871,532,1,27638,Tweet,521877959825956864
2014-10-14T04:46:44.000Z,_xoAmeliaa,642,429,0,32025,Retweet,521884789415350274
2014-10-14T04:57:05.000Z,TrustMir,9,10,0,9119,Tweet,521887395336454144
2014-10-14T06:31:53.000Z,liamwilsono_,674,701,3,6261,Retweet,521911252541792257
2014-10-14T07:46:38.000Z,bigbentweets,1247,1123,28,107154,Tweet,521930060211564544
2014-10-14T08:45:26.000Z,genivieve60,13,11,0,2096,Tweet,521944859398004736
2014-10-14T09:03:00.000Z,muuficom,520,1939,10,17455,Retweet,521949280622612481
2014-10-14T12:13:36.000Z,50mm__,94,485,1,1351,Tweet,521997247954051072
2014-10-14T12:23:49.000Z,matt_ews,2778,2383,6,43490,Tweet,521999818604826624
2014-10-14T12:24:48.000Z,adisarjk,132,125,1,7481,Reply,521999121771925504
2014-10-14T12:29:26.000Z,althawadi_group,1251,112,2,213382,Tweet,522001232093646848
2014-10-14T13:04:27.000Z,meteoritokiller,153,193,4,33396,Retweet,522010043487887360
2014-10-14T13:19:03.000Z,AlvarezABC11,1872,644,51,5476,Retweet,522013718117646336
2014-10-14T13:53:31.000Z,blackh0le,377,180,40,27206,Tweet,522022391107817474
2014-10-14T14:30:24.000Z,vcathleen29,10,78,0,6,Retweet,522031673953640448
2014-10-14T14:46:12.000Z,CNHarder,671,328,35,14606,Retweet,522035647641829376
2014-10-14T15:08:36.000Z,leejahnne3,292,305,0,927,Tweet,522041286853812224
2014-10-14T16:09:06.000Z,Btrixxkiddo,2615,1681,28,166015,Tweet,522056509266485249
2014-10-14T16:20:34.000Z,PasadenaPvtEye,89,785,0,1367,Tweet,522059399125164033
2014-10-14T16:42:45.000Z,Meefflow03,1981,1222,15,156173,Tweet,522064982175784960
2014-10-14T17:14:19.000Z,WhiteWeedou,58,3,1,38,Retweet,522072926183768065
2014-10-14T17:27:32.000Z,RorieLew,335,509,2,8077,Retweet,522076252283629568
2014-10-14T17:48:08.000Z,RomanDistel,22,146,1,2486,Tweet,522081436418179072
2014-10-14T18:01:07.000Z,RammerJanner,1298,2001,1,6238,Reply,522084556347039745
2014-10-14T18:03:08.000Z,DaleRT_Vzla,590,943,8,146035,Tweet,522085209630457856
2014-10-14T18:50:54.000Z,Catherineoemily,14,2,0,58492,Tweet,522097230904168449
2014-10-14T19:01:52.000Z,jimbo_slice0,86,158,2,4144,Retweet,522099991624839168
2014-10-14T20:12:53.000Z,JackLunn4,320,158,1,5617,Retweet,522117861419278336
2014-10-14T20:35:44.000Z,RedPepperUG,55497,330,125,30929,Retweet,522123611839414272
2014-10-14T20:44:51.000Z,paige_thorson,437,402,0,10870,Retweet,522125907784630273
2014-10-14T20:47:37.000Z,wpromsirirat,5,14,0,11296,Tweet,522126604479131648
2014-10-14T20:51:24.000Z,muhammadmsoja10,914,2001,0,9454,Retweet,522127553235259393
2014-10-14T20:51:52.000Z,nasikaso,347,170,2,59716,Tweet,522127672760365056
2014-10-14T21:05:41.000Z,vantonioni,279,550,5,6455,Tweet,522131148588457985
2014-10-14T22:36:19.000Z,iHannibalHector,38,78,0,1654,Retweet,522153957179666432
2014-10-14T23:40:37.000Z,AmericaTonight,13932,434,350,10183,Tweet,522170138398048257
2014-10-14T23:56:35.000Z,penguinsdiehard,1515,1062,10,13869,Tweet,522174158625857537
2014-10-14T23:56:45.000Z,EbolaNoRj,79,55,1,3050,Reply,522173155142807552
2014-10-15T00:15:40.000Z,francesleary,3018,3273,53,2746,Retweet,522178959434600449
2014-10-15T01:10:28.000Z,bieelromano,420,461,3,106874,Tweet,522192752826531840
2014-10-15T02:22:54.000Z,HellaDazed,30,127,0,71,Retweet,522210977933053952
2014-10-15T03:28:05.000Z,Chesedofflorida,213,511,2,799,Tweet,522227383114686464
2014-10-15T05:30:43.000Z,_lysssaaaa05,649,824,1,10119,Retweet,522258246057201666
2014-10-15T06:30:11.000Z,qisacehu,141,895,1,23801,Tweet,522273210499211264
2014-10-15T07:59:33.000Z,HIGH_Fy7,317,365,7,44069,Tweet,522295700361465856
2014-10-15T09:10:26.000Z,motikat,1469,1507,61,25099,Reply,522313180069249025
2014-10-15T10:09:34.000Z,mediplanetFR,187,457,6,5798,Tweet,522328421796306944
2014-10-15T10:45:57.000Z,JosJottings,693,1991,11,7898,Tweet,522337574619463681
2014-10-15T11:13:42.000Z,2mcook,23,151,1,85,Reply,522340960282636288
2014-10-15T11:27:27.000Z,texasmcmanus,6493,5933,224,48343,Tweet,522348021787676672
2014-10-15T11:35:50.000Z,DavidM2SYS,91,284,2,1082,Retweet,522350131107348480
2014-10-15T12:03:33.000Z,IndiraColonia,287,516,4,10778,Tweet,522357105387634689
2014-10-15T12:06:36.000Z,chloe_hillegass,258,148,0,7484,Retweet,522357873775755264
2014-10-15T12:31:58.000Z,secret666vixen,182,1191,1,11280,Tweet,522364255392129025
2014-10-15T13:10:45.000Z,eternalslimchas,1149,1936,5,34163,Tweet,522374016393179136
2014-10-15T13:54:46.000Z,Roscadillac,62141,50541,27,34542,Retweet,522385092304699392
2014-10-15T14:26:12.000Z,johnvikal,2519,2461,46,14624,Tweet,522393003575742464
2014-10-15T14:48:07.000Z,Marlin_Nunez,106,449,0,1086,Retweet,522398519517515776
2014-10-15T15:43:15.000Z,AdrxShmurda,2625,357,15,126581,Tweet,522412396351328256
2014-10-15T15:59:52.000Z,pilo229,161,109,0,11994,Tweet,522416577254543360
2014-10-15T16:08:06.000Z,newjerseynews1,101,1,2,28765,Tweet,522418647969849344
2014-10-15T16:19:30.000Z,DavidMyles,27,59,0,3413,Tweet,522421515636445184
2014-10-15T16:22:16.000Z,GiGijglegal,37,88,0,990,Reply,522421454231830528
2014-10-15T16:22:36.000Z,karen9_0605,295,300,1,9071,Tweet,522422295751835648
2014-10-15T16:58:26.000Z,ForwardFalcon,972,965,35,32229,Retweet,522431316445650944
2014-10-15T16:58:46.000Z,itastepaint,2062,1712,193,40251,Retweet,522431397827727360
2014-10-15T17:13:28.000Z,petaluma,844,779,25,8276,Tweet,522435098457554944
2014-10-15T17:23:30.000Z,JanetKimK5,2348,762,73,4269,Reply,522436788909264896
2014-10-15T17:26:23.000Z,_MatthewJDoyle,458,482,6,9462,Reply,522437646996357120
2014-10-15T17:27:35.000Z,shelbyfire1,62,214,0,168,Retweet,522438650630766592
2014-10-15T17:57:36.000Z,TGBED8v8,43,191,0,3915,Tweet,522446203313602561
2014-10-15T18:04:58.000Z,cardonarichard,2668,2779,7,49200,Retweet,522448058420699136
2014-10-15T18:11:28.000Z,Quackers_Kay,121,237,0,2025,Retweet,522449692538318848
2014-10-15T18:12:01.000Z,TheSameZiza,331,1200,3,13788,Retweet,522449833052102656
2014-10-15T18:19:39.000Z,ACTNC101,442,354,8,15786,Tweet,522451751950385152
2014-10-15T18:25:59.000Z,drhdez,414,970,2,4896,Tweet,522453346217914369
2014-10-15T19:18:05.000Z,JoAnarcho,710,386,29,20651,Tweet,522466458434277376
2014-10-15T19:24:32.000Z,LOHADdotcom,623,562,47,4918,Tweet,522468082053156864
2014-10-15T20:01:01.000Z,MikeBittles,67,193,1,1723,Tweet,522477262105755648
2014-10-15T20:36:46.000Z,_ToYouFromUs,329,300,1,38178,Tweet,522486261001781249
2014-10-15T20:45:29.000Z,Eriick_Freezh,874,148,1,92669,Tweet,522488452948840448
2014-10-15T20:56:27.000Z,Patrice1434,788,912,1,26925,Retweet,522491211966197761
2014-10-15T21:24:02.000Z,anaelb14,5377,5374,29,40805,Retweet,522498156886384640
2014-10-15T21:44:08.000Z,KristyKersh,115,124,0,312,Tweet,522503211878731776
2014-10-15T22:10:55.000Z,bWave77,479,336,4,116543,Retweet,522509955446738944
2014-10-15T22:25:07.000Z,vv8ed,77,141,0,1645,Retweet,522513525634531328
2014-10-15T22:41:14.000Z,gabstrevino,737,2001,2,14932,Retweet,522517582801539072
2014-10-15T22:51:28.000Z,rodgers_ericka,65,217,0,766,Retweet,522520159345737728
2014-10-15T22:53:06.000Z,DoyleGlobal,537,1130,23,135911,Tweet,522520569984458753
2014-10-15T23:14:05.000Z,HallieC2014,247,1026,3,871,Tweet,522525850596835328
2014-10-15T23:40:20.000Z,ABC_NewsRadio,24444,284,690,16685,Tweet,522532454976868352
2014-10-15T23:57:09.000Z,VaseemMo,147,90,1,29328,Retweet,522536690385436673
2014-10-16T00:01:36.000Z,pistachopatriot,85,261,1,5224,Retweet,522537807739645953
2014-10-16T00:02:00.000Z,Ryerson_,1877,296,4,185,Tweet,522537909661216768
2014-10-16T00:19:32.000Z,boniemylurv,41,38,0,18230,Tweet,522542320370343936
2014-10-16T00:37:24.000Z,MayraPaulsen,1,138,0,4888,Tweet,522546816676421632
2014-10-16T00:59:19.000Z,Samm_Fernandes,675,318,3,9009,Retweet,522552334304694272
2014-10-16T01:52:38.000Z,FXtradingMentor,2276,564,126,113355,Tweet,522565752688492544
2014-10-16T02:21:11.000Z,CholoMatrero,1088,567,6,47595,Tweet,522572937568976896
2014-10-16T02:23:01.000Z,candylotus,7,7,0,30,Reply,522432513206398976
2014-10-16T03:15:04.000Z,windwood1790,70,434,2,269,Retweet,522586493970558976
2014-10-16T03:18:54.000Z,WavyGavin,136,104,0,4705,Retweet,522587459893592065
2014-10-16T03:24:42.000Z,pablo_tru,270,266,2,5842,Retweet,522588922057351168
2014-10-16T03:26:39.000Z,RonnieNavi,802,1253,11,2178,Reply,522416934344597504
2014-10-16T03:43:46.000Z,Josexotwod,454,271,1,45999,Reply,522588487011561473
2014-10-16T03:56:36.000Z,iam_petr,419,384,4,12727,Tweet,522596946150584321
2014-10-16T04:11:21.000Z,mmorales15,436,301,0,12290,Retweet,522600658130993153
2014-10-16T04:32:41.000Z,KayUncensored,7416,6423,11,17108,Reply,522603493002334208
2014-10-16T04:57:05.000Z,Healthfunder,34,53,3,6744,Tweet,522612168559054848
2014-10-16T04:57:25.000Z,dmauriee,2160,1813,15,108215,Retweet,522612254098092032
2014-10-16T05:39:19.000Z,GreciaTrejo2,3,9,0,11,Retweet,522622796929961984
2014-10-16T05:42:08.000Z,fericisyhut,254,196,1,15665,Retweet,522623507453071360
2014-10-16T11:42:20.000Z,lulu5944bis,693,987,17,123505,Retweet,522714152222359552
2014-10-16T12:07:47.000Z,DidYouHear2,74,99,3,467,Tweet,522720559852183552
2014-10-16T12:07:53.000Z,YDReditpage,661,1398,32,2223,Tweet,522720581662175233
2014-10-16T12:48:05.000Z,omujujol,339,367,16,48927,Tweet,522730700441927680
2014-10-16T12:51:17.000Z,shu_zone,56,71,0,4068,Retweet,522731504883888129
2014-10-16T13:00:04.000Z,EmilioBCuba,7,38,1,12302,Tweet,522733717811240961
2014-10-16T13:11:57.000Z,tuseibellaaa,1489,569,6,126088,Tweet,522736708349988864
2014-10-16T13:14:04.000Z,Babtwittter,5106,3602,51,52814,Retweet,522737238514626562
2014-10-16T13:26:46.000Z,GMlovelie67xxx,525,49,17,88697,Retweet,522740435811573760
2014-10-16T14:02:03.000Z,p_ambuka,91,279,0,1364,Tweet,522749314758873088
2014-10-16T14:10:38.000Z,BBCWorld,7636370,61,81398,181211,Retweet,522751474393444352
2014-10-16T14:28:15.000Z,jimdwrench,5382,5364,65,51012,Retweet,522755909039427584
2014-10-16T14:35:26.000Z,ecolombari,1017,537,33,42202,Retweet,522757714238517248
2014-10-16T15:16:47.000Z,24altermatt,562,737,0,11101,Tweet,522768122001235968
2014-10-16T15:33:23.000Z,missladyniobe,429,528,22,13486,Tweet,522772300350124032
2014-10-16T15:40:32.000Z,mefbama,6974,6893,128,89341,Retweet,522774098884055040
2014-10-16T16:09:16.000Z,justinlan123,235,303,1,578,Tweet,522781330304946176
2014-10-16T16:10:48.000Z,allieleora,270,245,15,1812,Tweet,522781716575186944
2014-10-16T16:29:22.000Z,AWMcKibbin,414,672,17,2583,Tweet,522786387368488960
2014-10-16T16:30:51.000Z,Kris_Pastore,371,122,1,7911,Tweet,522786762339655681
2014-10-16T16:38:11.000Z,Irr86World,205,260,1,9840,Reply,522780981770850304
2014-10-16T16:42:12.000Z,AnastasiavanE,833,2001,13,48015,Tweet,522789616571936768
2014-10-16T16:48:35.000Z,Frostviper,6409,6509,109,16207,Tweet,522791225498562560
2014-10-16T17:03:02.000Z,claraelbaz1,121,129,0,4259,Retweet,522794861091889152
2014-10-16T17:17:43.000Z,Nikluk,3319,3525,98,69190,Retweet,522798554616971264
2014-10-16T17:22:19.000Z,graham_TeleNoza,981,77,7,148036,Retweet,522799713092128769
2014-10-16T17:27:08.000Z,marksawchuk,51,102,0,688,Tweet,522800926919495681
2014-10-16T17:35:08.000Z,Kouya1999,112,195,0,583,Tweet,522802937655865344
2014-10-16T18:02:10.000Z,SpiffyFredo,1347,798,1,48901,Tweet,522809743359107072
2014-10-16T18:07:16.000Z,kohlpersonaxo,310,206,1,10336,Tweet,522811026375725057
2014-10-16T18:08:12.000Z,PauletteCowgirl,672,988,0,29285,Retweet,522811258316140544
2014-10-16T18:38:26.000Z,JNathaniel7,1599,2001,27,50265,Tweet,522818870139432960
2014-10-16T19:07:20.000Z,EastenLaw,573,664,35,5528,Tweet,522826143079354368
2014-10-16T19:12:05.000Z,Barbforliberty,416,835,8,8434,Tweet,522827338015191040
2014-10-16T19:45:05.000Z,BergenCtyNews,13391,661,191,98230,Tweet,522835640656740352
2014-10-16T19:49:40.000Z,Nealvy,795,371,3,44181,Retweet,522836797001191426
2014-10-16T20:18:22.000Z,ChazzMontgomery,74,135,0,703,Tweet,522844016657047552
2014-10-16T20:42:11.000Z,bakerlarry84,694,49,40,58647,Retweet,522850011168509952
2014-10-16T21:00:50.000Z,BachiriKeicha,309,237,0,40155,Retweet,522854704188252160
2014-10-16T21:19:59.000Z,FaiDotAm,291,30,2,29624,Retweet,522859522579128321
2014-10-16T21:58:43.000Z,corymcleod77,653,435,1,6982,Retweet,522869270565244928
2014-10-16T22:03:52.000Z,undergroundbby,1230,328,14,26095,Tweet,522870568710709249
2014-10-16T22:08:49.000Z,_best_95,78,24,8,78158,Tweet,522871811910807553
2014-10-16T23:00:42.000Z,wizguy123,401,170,15,75204,Retweet,522884872114020352
2014-10-16T23:20:14.000Z,narryporpurina,1793,1174,10,47219,Reply,522888494612373504
2014-10-18T00:12:12.000Z,adamcarllevine,461,155,9,167,Retweet,523265251866083328
2014-10-18T00:30:25.000Z,dailyEEUU,9121,8419,77,211150,Tweet,523269835849875456
2014-10-18T00:36:04.000Z,THECOUNTnews,97494,92419,512,48975,Tweet,523271259807698944
2014-10-18T00:55:43.000Z,MyDadAtTheStore,24852,726,29,744,Retweet,523276204452106241
2014-10-18T00:56:10.000Z,RHaynes26,301,468,2,1540,Tweet,523276317283086336
2014-10-18T00:59:57.000Z,Juankle,401,156,3,21375,Tweet,523277269004218368
2014-10-18T01:29:19.000Z,FEYImous,536,456,0,21890,Reply,523284422586810368
2014-10-18T01:40:14.000Z,joelbenavidez,98,287,6,1570,Retweet,523287407882272770
2014-10-18T01:53:50.000Z,kerryg1957,20,125,0,198,Reply,523281660461449216
2014-10-18T01:58:07.000Z,MdlMurray,1624,2001,28,183037,Tweet,523291908353691650
2014-10-18T02:01:10.000Z,BN_4Malaysia,5852,5727,8,4939,Tweet,523292673407713280
2014-10-18T02:13:24.000Z,Paige_Smiles,122,289,1,969,Tweet,523295754136604672
2014-10-18T02:49:57.000Z,theory,1943,816,164,25763,Retweet,523304949292494850
2014-10-18T02:58:23.000Z,ConcertsMyLife,3113,2454,6,443,Tweet,523307074965757952
2014-10-18T03:12:27.000Z,jerkstoresean,1074,534,33,46121,Tweet,523310612877955073
2014-10-18T03:17:49.000Z,mario_villafana,290,336,1,8127,Retweet,523311963020197890
2014-10-18T04:15:52.000Z,seker714,227,421,0,1643,Retweet,523326573877800962
2014-10-18T04:46:33.000Z,jmaybe,316,906,12,1484,Tweet,523334294308016130
2014-10-18T07:58:31.000Z,limes_raetia,300,675,8,10182,Retweet,523382606004756481
2014-10-18T10:33:17.000Z,VivianaHHHH,468,353,6,1145,Tweet,523421551354728448
2014-10-18T11:21:56.000Z,oolivvm,170,438,0,877,Tweet,523433796629065728
2014-10-18T11:51:51.000Z,winglessangel6,182,475,5,3361,Tweet,523441325421498371
2014-10-18T12:28:58.000Z,HENelson1,28,161,1,1672,Retweet,523450665721274368
2014-10-18T12:38:29.000Z,ConnieInAmerica,157,269,0,6491,Retweet,523453060673048577
2014-10-18T13:38:47.000Z,AlexaTowner,336,504,0,3844,Retweet,523468234809692160
2014-10-18T13:59:07.000Z,Madel_Schmadel,1383,1123,35,26740,Tweet,523473352712019969
2014-10-18T14:26:58.000Z,AnayerB_,904,505,2,80543,Tweet,523480361389817856
2014-10-18T15:19:52.000Z,Yo_Bookie,1525,894,61,82894,Retweet,523493671602495489
2014-10-18T16:29:00.000Z,felixgonzalez06,228,1566,0,309,Retweet,523511072922558464
2014-10-18T17:11:44.000Z,TheWriterBabe,301,365,7,2343,Tweet,523521824609431552
2014-10-18T17:57:51.000Z,Nectophile,12961,12894,6,21502,Retweet,523533430215426048
2014-10-18T18:35:49.000Z,SEOWEB2020,3097,3377,4,10249,Tweet,523542985255157760
2014-10-18T18:41:56.000Z,CGTMetalMadrid,395,1591,8,2405,Retweet,523544526246653952
2014-10-18T21:33:43.000Z,aairis58,313,519,2,23817,Retweet,523587756115918848
2014-10-18T21:47:37.000Z,ayman_muffin,491,1357,1,27204,Retweet,523591254987509760
2014-10-18T22:11:54.000Z,NickyD_6,343,323,0,1958,Retweet,523597363160813568
2014-10-18T23:00:57.000Z,dvpensenti,1956,1751,14,16715,Tweet,523609707412332544
2014-10-19T01:14:36.000Z,larrymasonbiz,11694,12344,153,35288,Retweet,523643344908718081
2014-10-19T01:33:47.000Z,NightShiftNews,1062,991,25,14485,Retweet,523648169205592064
2014-10-19T01:41:02.000Z,karinaudewi,486,198,6,12007,Retweet,523649993303814144
2014-10-19T01:56:04.000Z,MatosZulma,172,558,3,26894,Tweet,523653779896672256
2014-10-19T02:14:00.000Z,youngteenmuke,1164,905,12,3839,Retweet,523658291722088448
2014-10-19T02:15:13.000Z,heisconfidentt,1371,422,5,42118,Retweet,523658597474246656
2014-10-19T02:24:40.000Z,TheBigCLittleB,1,1,0,335,Tweet,523660976059457537
2014-10-19T03:17:11.000Z,Hnurse07,397,387,3,8165,Retweet,523674191929692160
2014-10-19T03:58:09.000Z,_TamiaRenee,444,504,0,6426,Retweet,523684501080137728
2014-10-19T04:21:16.000Z,wealthyzjm,12866,172,264,112544,Tweet,523690319842660352
2014-10-19T05:17:44.000Z,ChrissieSiggela,1685,1996,25,10950,Tweet,523704527648616448
2014-10-19T05:54:31.000Z,veebex,49666,41589,187,30909,Reply,523709087163236352
2014-10-19T07:14:03.000Z,UNJobList_DS,3746,5,56,42926,Tweet,523733802188013568
2014-10-19T09:02:55.000Z,RomieuxDavid,25438,934,40,59431,Retweet,523761197725024257
2014-10-19T10:29:47.000Z,_dpaj,2499,1850,36,161719,Tweet,523783058839707648
2014-10-19T11:47:02.000Z,Vak1626,35,179,3,1142,Retweet,523802499850199040
2014-10-19T13:04:07.000Z,kogorou_mouri,96,104,1,5260,Tweet,523821897687916545
2014-10-19T13:24:02.000Z,jrwensel,1676,1769,16,6188,Retweet,523826911961956353
2014-10-19T14:04:11.000Z,gideonkoko,137,306,2,16184,Tweet,523837014374760448
2014-10-19T14:14:14.000Z,MIx_HappyBoy_WF,1,10,0,43,Tweet,523839542701596672
2014-10-19T14:38:43.000Z,Purrfucktion,488,7,14,8488,Retweet,523845706239705088
2014-10-19T14:49:40.000Z,mrkoolodo,2990,3372,28,138101,Tweet,523848459367878657
2014-10-19T14:50:41.000Z,brendnyespinosa,534,1885,1,9786,Retweet,523848718597230592
2014-10-19T15:03:26.000Z,TripleMbonda,1290,397,8,96582,Retweet,523851926786818048
2014-10-19T15:13:49.000Z,yu_tfcwit96,45,1955,0,620,Tweet,523854537342582784
2014-10-19T15:22:25.000Z,7PinkPanther7,2928,2781,70,398533,Retweet,523856701175627777
2014-10-19T16:19:33.000Z,_fuckmejusten,2009,1676,3,25919,Retweet,523871081753759744
2014-10-19T16:47:32.000Z,MHLApp,342,1304,4,637,Retweet,523878121494548480
2014-10-19T17:24:01.000Z,digitalsista,9733,3941,1015,28863,Tweet,523887305351004160
2014-10-19T17:53:29.000Z,28luisalberto1,234,555,1,2869,Tweet,523894722113204225
2014-10-19T19:09:41.000Z,EddieBreaux,1143,328,8,26452,Tweet,523913896797560832
2014-10-19T19:23:55.000Z,Biebermccannxs,1318,1010,24,61063,Retweet,523917476632219648
2014-10-19T19:32:12.000Z,richardneel,123,238,0,2171,Tweet,523919562459205632
2014-10-19T19:40:01.000Z,wonderfall__,310,511,0,10571,Retweet,523921531702099968
2014-10-19T19:49:11.000Z,LorenAmyy,965,460,0,943,Retweet,523923838963576832
2014-10-19T20:01:16.000Z,rudnicker,85,82,2,3796,Retweet,523926877749403648
2014-10-19T21:47:27.000Z,archangelnjh,10156,71,72,30268,Reply,523946307183185920
2014-10-19T22:13:49.000Z,SheAdoreChris,42020,32538,15,426,Retweet,523960235892158465
2014-10-19T22:38:19.000Z,_TreNoSongz_,12705,5309,34,19381,Retweet,523966402793721856
2014-10-19T22:39:14.000Z,juliakardash19,410,395,6,15096,Retweet,523966629278142464
2014-10-19T22:40:39.000Z,hankpannell,10499,9894,219,129506,Tweet,523966987043483648
2014-10-19T22:49:37.000Z,tranlate88,326,11,14,60442,Tweet,523969243583221760
2014-10-19T22:59:15.000Z,100percFEDUpmom,3399,2461,52,15334,Tweet,523971669980086272
2014-10-19T23:25:01.000Z,Martin_1Angel,176,149,0,3568,Reply,523970803709530113
2014-10-19T23:41:24.000Z,_Chloe_O,184,110,8,5279,Reply,523981388890906625
2014-10-20T00:32:12.000Z,Texas_Guide,1087,1331,4,33342,Tweet,523995059532746752
2014-10-20T00:54:59.000Z,LasAngelesTimez,857,116,20,549614,Tweet,524000794819837952
2014-10-20T01:18:22.000Z,brad_bucs_21,238,214,0,210,Reply,524005361809125376
2014-10-20T01:29:25.000Z,adianGATT,785,321,11,40512,Tweet,524009459824472064
2014-10-20T02:00:00.000Z,getservice,58,34,0,21497,Tweet,524017156384518144
2014-10-20T06:12:56.000Z,_shaedunn,490,521,0,11872,Retweet,524080807443693568
2014-10-20T07:05:15.000Z,FollowEbola,23390,2022,99,43930,Tweet,524093973791797248
2014-10-20T07:36:24.000Z,LECADOU_KIPRE,27,156,0,163,Retweet,524101813352792065
2014-10-20T08:09:54.000Z,no0ncy,2039,2010,1,13944,Retweet,524110245174329344
2014-10-20T08:53:54.000Z,LeaParisNY,252,822,6,1215,Retweet,524121318120497152
2014-10-20T09:38:03.000Z,erkblmqst,16,23,0,87,Retweet,524132429691621376
2014-10-20T10:28:11.000Z,Matteo_Everett,68,147,2,2413,Retweet,524145043234652160
2014-10-20T11:13:56.000Z,JJSuraya,644,782,6,6816,Retweet,524156557840236544
2014-10-20T12:01:51.000Z,AngusLMacdonald,330,1390,9,1984,Retweet,524168618544619520
2014-10-20T12:10:05.000Z,RepublikaShqip,810,1953,1,36633,Tweet,524170689272893440
2014-10-20T12:17:43.000Z,CollectedN,5399,5363,46,543223,Tweet,524172607768522753
2014-10-20T12:37:28.000Z,LaurelCatherine,4535,4504,84,31951,Retweet,524177578421387266
2014-10-20T12:51:05.000Z,MeDicen_Dayii,377,339,19,233609,Tweet,524181006010421248
2014-10-20T13:46:08.000Z,mlnllyv,669,362,3,20784,Retweet,524194861906673665
2014-10-20T13:49:07.000Z,milystation,687,1237,3,26418,Tweet,524195610988003328
2014-10-20T13:54:06.000Z,California2U,429,775,9,11998,Tweet,524196865961910272
2014-10-20T14:51:13.000Z,Mooncatadams,2076,2150,68,40065,Retweet,524211239002841088
2014-10-20T15:07:24.000Z,Pokomoko5,64,307,0,1822,Retweet,524215311239618561
2014-10-20T15:09:57.000Z,msaleemh,27,42,0,740,Retweet,524215953392173056
2014-10-20T15:20:21.000Z,health4news,1,1,0,84917,Tweet,524218572302974976
2014-10-20T15:36:26.000Z,daddybootymayor,87,178,0,2857,Retweet,524222616455098368
2014-10-20T15:41:14.000Z,Topomanyare,12023,176,19,17399,Retweet,524223825689739265
2014-10-20T15:53:16.000Z,TrendSettaZae_,162,234,0,8547,Retweet,524226854807302144
2014-10-20T16:29:57.000Z,BowlcutTV,637,201,1,82154,Tweet,524236085614755840
2014-10-20T17:20:36.000Z,ALERTATROPA,2552,2275,6,71009,Tweet,524248832960638976
2014-10-20T17:35:29.000Z,GeorgeeeW,292,305,0,6888,Reply,524249967385661440
2014-10-20T17:37:02.000Z,DaveFLoewen,746,567,22,7450,Tweet,524252966866657280
2014-10-20T17:39:02.000Z,JanetL717,1068,1030,45,20954,Tweet,524253472708120576
2014-10-20T18:02:30.000Z,CletisStump,7855,6731,240,97508,Tweet,524259379110248448
2014-10-20T18:11:57.000Z,rohitrango,160,114,8,37781,Tweet,524261756437557248
2014-10-20T18:18:07.000Z,BIunting,529,231,0,8750,Retweet,524263309164707840
2014-10-20T18:59:40.000Z,Joelinares,151,233,1,320,Retweet,524273764717309952
2014-10-20T19:47:53.000Z,TeenNews_NL,7,5,0,14,Tweet,524285896355352576
2014-10-20T20:06:19.000Z,EmmaCramer1,321,217,0,3902,Retweet,524290534832349184
2014-10-20T20:10:55.000Z,llemj,1067,2000,32,172703,Retweet,524291695379505152
2014-10-20T20:35:03.000Z,jxnosirwin,1269,208,3,29345,Reply,177219942
2014-10-20T21:23:16.000Z,SykesxHolic,20940,422,132,104395,Tweet,524309903284776960
2014-10-20T21:44:45.000Z,bugsbunny31,68,139,0,2531,Retweet,524315309725872132
2014-10-20T22:17:53.000Z,davidsheen,15122,103,533,27799,Tweet,524323647993827329
2014-10-20T22:22:56.000Z,loganmartino16,1184,787,2,11376,Retweet,524324915931934720
2014-10-20T22:35:51.000Z,ChrisEvansEsq,129,516,2,5763,Retweet,524328169898123264
2014-10-20T23:12:28.000Z,stringimilauren,5802,3059,106,129105,Retweet,524337383496753152
2014-10-20T23:19:41.000Z,wildwestleft,1484,1924,27,10747,Retweet,524339199231545345
2014-10-20T23:20:50.000Z,MiyarGarzaL,40,54,0,34,Tweet,524339489041547265
2014-10-20T23:40:04.000Z,aholmes825,547,887,0,4287,Tweet,524344328861528065
2014-10-21T00:23:55.000Z,uzzy_v,2276,2239,1,18823,Retweet,524355362388840448
2014-10-21T00:33:52.000Z,ValinaMilkshake,376,1042,4,9263,Retweet,524357868930084864
2014-10-21T00:56:49.000Z,Burrrrr_,1158,624,5,63673,Retweet,524363644457717761
2014-10-21T01:03:03.000Z,DiceElJoven,8864,3325,21,100974,Retweet,524365212300763136
2014-10-21T01:20:40.000Z,drewwwlivyy,642,455,0,7091,Retweet,524369644002746368
2014-10-21T01:41:55.000Z,YaruDwi,4,76,0,411,Tweet,524374993828720640
2014-10-21T03:06:15.000Z,heyItzBellahere,140,739,2,243,Tweet,524396216579538944
2014-10-21T03:31:24.000Z,BASEDPIPLUP,3479,1482,43,28360,Retweet,524402544961798145
2014-10-21T04:07:18.000Z,Edward9507,247,1999,3,9362,Tweet,524411582001184768
2014-10-21T04:40:25.000Z,Jarvis_DemarKo,3602,2761,17,310182,Retweet,524419916099624964
2014-10-21T05:00:36.000Z,WhoTookMySanity,1322,458,2,128175,Retweet,524424992470347776
2014-10-21T07:51:32.000Z,alce7vhsz,376,418,0,554,Tweet,524468009230798848
2014-10-21T10:12:08.000Z,ClermontLaura,1,1,0,4,Retweet,524503391570259968
2014-10-21T12:25:54.000Z,silvia_mielgo,7,31,0,364,Retweet,524537056291471360
2014-10-21T13:32:17.000Z,koldanews,1108,556,21,12289,Tweet,524553763479384064
2014-10-21T14:48:33.000Z,king350z,132,341,0,4631,Retweet,524572956597686272
2014-10-21T15:29:05.000Z,real_mocaticoh,165,335,1,13618,Tweet,524583157136244737
2014-10-21T16:13:58.000Z,Booka_MTB,744,663,1,36954,Tweet,524594451138609152
2014-10-21T16:16:14.000Z,2n_day,306,160,0,10955,Tweet,524595022008942592
2014-10-21T17:03:03.000Z,NGeeNius,2509,2243,7,7071,Tweet,524606805042020352
2014-10-21T17:24:43.000Z,TheHomieDaja,1066,943,2,59255,Retweet,524612255141621760
2014-10-21T17:27:39.000Z,EnferEvidente,3005,164,224,44528,Retweet,524612996698750976
2014-10-21T17:30:41.000Z,DrAdnanOmar,315,466,3,3693,Tweet,524613757948133376
2014-10-21T17:38:36.000Z,JohnsonSylas,764,221,6,16988,Retweet,524615750225764352
2014-10-21T17:48:50.000Z,ElmiDhigal,3950,2562,9,7428,Retweet,524618324693774336
2014-10-21T19:04:44.000Z,samuel_sanni08,442,386,0,4843,Retweet,524637424736296960
2014-10-21T19:41:59.000Z,bolsamanitas,2358,1446,16,32397,Tweet,524646801521901568
2014-10-21T19:47:59.000Z,lover_notFightr,313,796,0,967,Retweet,524648311475556352
2014-10-21T20:22:19.000Z,ines_kld,69,160,0,250,Retweet,524656949229797377
2014-10-21T20:25:35.000Z,xx_Kelseyyy,177,172,0,5197,Retweet,524657771292393472
2014-10-21T20:49:30.000Z,beth666kline,83,238,0,20421,Tweet,524663790143406080
2014-10-21T21:22:21.000Z,MileysFroot,35,34,0,30,Reply,524671860710338561
2014-10-21T22:38:28.000Z,nathhumphreys95,1073,1122,0,10276,Retweet,524691216269856769
2014-10-21T23:02:17.000Z,ActFerArroyo,11243,8872,47,16835,Tweet,524697206583205888
2014-10-22T00:02:17.000Z,_emmabaer_,122,159,0,931,Reply,524699748561715200
2014-10-22T00:32:43.000Z,HansellBoow,278,166,3,141253,Tweet,524719965677436928
2014-10-22T00:40:47.000Z,Jawan_Bryant,276,265,0,2731,Retweet,524721994886295553
2014-10-22T01:29:51.000Z,NorthCounty3303,449,1217,20,13966,Retweet,524734343336321025
2014-10-22T01:43:18.000Z,afya_kenya,224,65,8,38650,Tweet,524737727716016129
2014-10-22T02:37:24.000Z,SoleAguirre97,188,228,0,465,Tweet,524751344134258688
2014-10-22T02:47:18.000Z,rystyk,187,199,5,7301,Retweet,524753834715779072
2014-10-22T03:27:40.000Z,NickAbela30,606,643,2,19649,Tweet,524763994125778944
2014-10-22T04:04:36.000Z,cdaganon,70,79,1,975,Retweet,524773289126682626
2014-10-22T04:39:26.000Z,realTech_Cash,185,267,0,2802,Retweet,524782053989294080
2014-10-22T04:56:52.000Z,Sambo_Neesmith,148,251,0,323,Retweet,524786443328421888
2014-10-22T05:05:31.000Z,_paulinaromero_,743,223,1,8470,Reply,524787712596135936
2014-10-22T07:23:51.000Z,Noojood5,1,1,0,348,Retweet,524823431616135168
2014-10-22T10:35:45.000Z,TechnoFanBoy,28,9,0,15155,Tweet,524871723158482945
2014-10-22T12:41:21.000Z,Fautino2,25,152,0,57,Tweet,524903332704702464
2014-10-22T12:56:29.000Z,bethanyr0b,742,600,1,8852,Retweet,524907140293861376
2014-10-22T13:28:30.000Z,maddytrapp,722,455,2,11616,Tweet,524915199221182464
2014-10-22T13:59:11.000Z,AmyPreuss,406,181,0,7870,Retweet,524922920519622657
2014-10-22T14:05:00.000Z,Polyulb,1382,1795,11,46227,Tweet,524924384763322368
2014-10-22T14:14:54.000Z,ForeverSpeeding,167,80,0,44720,Retweet,524926876566159360
2014-10-22T15:21:07.000Z,danars83,654,668,2,1105,Tweet,524943538875023360
2014-10-22T15:33:14.000Z,t_bussyboi,1257,948,10,69364,Tweet,524946588540485632
2014-10-22T15:42:58.000Z,BarbsBurntTree,14572,14315,158,136824,Retweet,524949036366057475
2014-10-22T16:12:03.000Z,BaileeCompton,758,744,0,12950,Retweet,524956356659675136
2014-10-22T16:20:57.000Z,oin_Samaria,8,17,0,48,Retweet,524958596447358977
2014-10-22T16:28:33.000Z,alexsheepcox,136,131,0,3111,Tweet,524960510283096064
2014-10-22T17:28:45.000Z,Ambrapec,353,1348,0,6501,Retweet,524975659681320960
2014-10-22T17:29:24.000Z,AlexionPharmacy,4,5,0,65514,Tweet,524975824534253568
2014-10-22T17:38:13.000Z,cesar2trill,182,179,0,3428,Retweet,524978042469236737
2014-10-22T17:44:40.000Z,QuairRamik,1793,961,1,67640,Retweet,524979666504138753
2014-10-22T17:50:46.000Z,OmarChayaA7,1191,513,8,3234,Retweet,524981201648775168
2014-10-22T18:11:57.000Z,Ebolatrends,104,299,2,2167,Tweet,524986530092564480
2014-10-22T19:48:08.000Z,IndependentNGR,2744,17,14,70387,Tweet,525010734556532736
2014-10-22T20:20:32.000Z,NomNomCurrie,292,250,2,48762,Tweet,525018891244670977
2014-10-22T20:27:19.000Z,jufeldm,243,210,0,1001,Retweet,525020595369820160
2014-10-22T20:46:38.000Z,trudyswegle,64,57,1,498,Retweet,525025459507978240
2014-10-22T22:37:16.000Z,SabrinaSaddiq,826,643,3,8891,Retweet,525053301306716160
2014-10-22T23:49:35.000Z,frustratedfan71,418,1755,1,15407,Reply,525064691237015552
2014-10-23T00:19:16.000Z,homosapient,71,60,5,6301,Tweet,525078970010595328
2014-10-23T00:23:03.000Z,JaredTorres_,198,115,1,2636,Tweet,525079922977812480
2014-10-23T00:35:10.000Z,CruztheBest_10,261,250,0,2380,Retweet,525082969703448576
2014-10-23T00:50:06.000Z,weedy1209,14,148,0,407,Tweet,525086728642916352
2014-10-23T02:01:23.000Z,Methusaleth,290,668,1,2649,Retweet,525104667676934144
2014-10-23T07:17:57.000Z,muratcanboun,91,219,2,421,Retweet,525184334299668480
2014-10-23T12:06:47.000Z,SocialGoodMusic,25,23,3,81,Tweet,525257022824935424
2014-10-23T13:18:38.000Z,AlbertOttaru,588,2097,1,200,Retweet,525275104897695744
2014-10-23T13:23:07.000Z,Emerald_painter,1069,98,0,1017,Retweet,525276231055732737
2014-10-23T13:58:02.000Z,rylei_is_tonto,70,178,0,3190,Retweet,525285018122588160
2014-10-23T15:35:13.000Z,WillieDeutsch,645,1501,15,4600,Retweet,525309476401057792
2014-10-23T15:41:45.000Z,PennyBriceSHG,80,108,0,1548,Tweet,525311118852751360
2014-10-23T16:45:00.000Z,Shaffer_Nathan4,162,152,0,2148,Retweet,525327037083684865
2014-10-23T18:10:47.000Z,REMcCormack,312,606,3,1217,Tweet,525348625183178753
2014-10-23T19:50:53.000Z,sydney_liane,592,394,3,7884,Tweet,525373816579846146
2014-10-23T20:08:27.000Z,ArianaTeix,10430,9028,11,25,Retweet,525378238621974529
2014-10-23T20:41:33.000Z,otpgrierr,643,756,6,2282,Tweet,525386566005690368
2014-10-23T20:42:17.000Z,Kieonna_Bree,1307,1987,1,36799,Retweet,525386753080057856
2014-10-23T22:22:42.000Z,AlleyesonAyyGee,485,443,0,11864,Tweet,525412020418777089
2014-10-23T23:58:38.000Z,Nessabarba,215,168,0,8979,Retweet,525436164497756161
2014-10-25T00:11:08.000Z,fazetti51,359,374,12,5602,Tweet,525801697252110336
2014-10-25T00:46:12.000Z,MaryMchale5,2,173,0,4080,Tweet,525810523325997057
2014-10-25T01:23:14.000Z,Cuzin_Jim,235,570,3,8396,Tweet,525819843925524480
2014-10-25T02:55:49.000Z,sethwilliams_10,328,263,0,14322,Retweet,525843141576753153
2014-10-25T03:37:06.000Z,Rambonezzy,57,58,0,7514,Retweet,525853530448347136
2014-10-25T06:05:30.000Z,DataphoneMedic,160,77,5,1264,Tweet,525890877810806784
2014-10-25T06:06:44.000Z,marrissa310,723,1268,0,25537,Reply,525891149878145024
2014-10-25T07:08:35.000Z,NoHolidayforGOP,1873,2003,35,51567,Retweet,525906754086117376
2014-10-25T11:05:19.000Z,AmericanPrepper,11521,50,214,21212,Retweet,525966330391166976
2014-10-25T12:30:24.000Z,bdzomba,362,668,16,9200,Retweet,525987740622413824
2014-10-25T12:54:17.000Z,ShartFilmFest,111,405,4,382,Tweet,525993753190756352
2014-10-25T13:10:36.000Z,UnionAfricana,156,49,8,9294,Tweet,525997855631101954
2014-10-25T13:54:04.000Z,Prinz_Poldi92,801,2003,17,169269,Tweet,526008794799538176
2014-10-25T15:12:45.000Z,VNEZOLANO2,243,332,2,1243,Tweet,526028597753307136
2014-10-25T16:15:06.000Z,chinexboss,1433,1251,3,32447,Tweet,526044289508200448
2014-10-25T16:50:46.000Z,suerdme,64,98,0,2615,Retweet,526053263654002688
2014-10-25T17:34:53.000Z,eastt1795,301,317,2,6636,Retweet,526064365540483072
2014-10-25T17:35:04.000Z,healthience,4,7,0,7,Tweet,526064413766193152
2014-10-25T17:41:59.000Z,AlexG06_,412,221,2,35241,Retweet,526066153161252864
2014-10-25T17:43:55.000Z,DanaLemerond,372,219,0,20696,Retweet,526066640102752256
2014-10-25T17:44:38.000Z,RealEmergencyMe,1484,1548,13,4809,Tweet,526066821284122624
2014-10-25T18:02:43.000Z,HaitiNewsNet,57853,4111,591,274268,Tweet,526071371714285568
2014-10-25T18:23:38.000Z,Lilianormale,93,124,0,1424,Retweet,526076635540619264
2014-10-25T18:45:33.000Z,theoprinse,312,450,8,38587,Tweet,526082151050002432
2014-10-25T18:59:36.000Z,Jose_Cardenes,401,474,7,6770,Retweet,526085686878015488
2014-10-25T20:13:43.000Z,Good_Aftenoon,43,68,0,2212,Tweet,526104336846159872
2014-10-25T20:36:46.000Z,fevarnaca,81,374,0,267,Tweet,526110140093571072
2014-10-25T20:41:40.000Z,kydiah__bbg,295,491,0,7956,Retweet,526111370669228034
2014-10-25T20:50:30.000Z,NIALLCUSPYDOR,3234,2851,3,16894,Retweet,526113595361615872
2014-10-25T22:26:36.000Z,KeoniBenjamin_,240,142,0,6034,Retweet,526137777583566848
2014-10-25T23:08:41.000Z,BaronianConsult,779,2001,32,154368,Retweet,526148369493000192
2014-10-25T23:17:05.000Z,blopppan,182,240,4,8287,Retweet,526150482130374656
2014-10-26T01:40:15.000Z,Argenis1326,11,71,0,68,Retweet,526186511625367552
2014-10-26T01:57:25.000Z,nillywafer,177,204,0,1424,Retweet,526190834291838976
2014-10-26T02:08:42.000Z,veerrkin,73,12,0,4448,Retweet,526193671301918722
2014-10-26T03:15:46.000Z,asktechman,155,2,4,64969,Tweet,526210551727140864
2014-10-26T04:44:50.000Z,84Josevargas,501,1399,3,4103,Tweet,526232964376850433
2014-10-26T05:27:10.000Z,lewdShaiaz,160,510,4,10976,Retweet,526243617913184256
2014-10-26T06:28:59.000Z,kanalsatucom,23,525,0,1869,Tweet,526259176280842241
2014-10-26T06:53:17.000Z,normnassty,167,262,3,2418,Reply,526259460667617280
2014-10-26T09:33:42.000Z,1Lucie4,180,179,0,4465,Retweet,526305662591315968
2014-10-26T09:56:21.000Z,lifeofkodi,14069,825,56,41853,Reply,526311084224180225
2014-10-26T11:06:16.000Z,yinayan,409,861,9,2105,Retweet,526328954404089856
2014-10-26T13:20:14.000Z,womanfish_14,452,302,31,49223,Retweet,526362668211257344
2014-10-26T13:23:00.000Z,deleleyreis,189,670,0,3530,Tweet,526363364063068160
2014-10-26T14:02:23.000Z,gislasanta,2440,2403,7,18529,Retweet,526373275614474243
2014-10-26T14:28:27.000Z,shawnsfanboy,132,38,0,16,Reply,526173785003925504
2014-10-26T14:36:37.000Z,Sean_Anthony,13220,2600,101,30742,Tweet,526381891960975360
2014-10-26T15:25:12.000Z,manaikla,70,60,0,797,Retweet,526394117094649856
2014-10-26T17:56:11.000Z,Josh_Bennett_,245,216,0,8279,Tweet,526432115391733760
2014-10-26T18:16:40.000Z,EdwardARowe1,908,1428,23,25508,Retweet,526437268094210049
2014-10-26T18:18:43.000Z,MacyPreston,10,10,0,18,Retweet,526437786937999363
2014-10-26T19:41:13.000Z,macbaby98,828,2000,4,14775,Retweet,526458546238787585
2014-10-26T19:47:19.000Z,RyanIndy6,117,219,1,389,Tweet,526460083002408960
2014-10-26T20:47:07.000Z,jenlawson123,732,393,1,9133,Tweet,526475132601368576
2014-10-26T22:21:36.000Z,armadillosoft,1259,1701,77,38281,Tweet,526498910122950657
